,Country Name,Country Code,Series Name,Series Code,Current health expenditure (% of GDP),Year
0,Burkina Faso,BFA,Current health expenditure (% of GDP),SH.XPD.CHEX.GD.ZS,..,1972
6,Benin,BEN,Current health expenditure (% of GDP),SH.XPD.CHEX.GD.ZS,..,1972
12,Cabo Verde,CPV,Current health expenditure (% of GDP),SH.XPD.CHEX.GD.ZS,..,1972
18,Cote d'Ivoire,CIV,Current health expenditure (% of GDP),SH.XPD.CHEX.GD.ZS,..,1972
24,"Gambia, The",GMB,Current health expenditure (% of GDP),SH.XPD.CHEX.GD.ZS,..,1972
30,Ghana,GHA,Current health expenditure (% of GDP),SH.XPD.CHEX.GD.ZS,..,1972
36,Guinea,GIN,Current health expenditure (% of GDP),SH.XPD.CHEX.GD.ZS,..,1972
42,Guinea-Bissau,GNB,Current health expenditure (% of GDP),SH.XPD.CHEX.GD.ZS,..,1972
48,Liberia,LBR,Current health expenditure (% of GDP),SH.XPD.CHEX.GD.ZS,..,1972
54,Mali,MLI,Current health expenditure (% of GDP),SH.XPD.CHEX.GD.ZS,..,1972
60,Niger,NER,Current health expenditure (% of GDP),SH.XPD.CHEX.GD.ZS,..,1972
66,Nigeria,NGA,Current health expenditure (% of GDP),SH.XPD.CHEX.GD.ZS,..,1972
72,Senegal,SEN,Current health expenditure (% of GDP),SH.XPD.CHEX.GD.ZS,..,1972
78,Sierra Leone,SLE,Current health expenditure (% of GDP),SH.XPD.CHEX.GD.ZS,..,1972
84,Togo,TGO,Current health expenditure (% of GDP),SH.XPD.CHEX.GD.ZS,..,1972
0,Burkina Faso,BFA,Current health expenditure (% of GDP),SH.XPD.CHEX.GD.ZS,..,1973
6,Benin,BEN,Current health expenditure (% of GDP),SH.XPD.CHEX.GD.ZS,..,1973
12,Cabo Verde,CPV,Current health expenditure (% of GDP),SH.XPD.CHEX.GD.ZS,..,1973
18,Cote d'Ivoire,CIV,Current health expenditure (% of GDP),SH.XPD.CHEX.GD.ZS,..,1973
24,"Gambia, The",GMB,Current health expenditure (% of GDP),SH.XPD.CHEX.GD.ZS,..,1973
30,Ghana,GHA,Current health expenditure (% of GDP),SH.XPD.CHEX.GD.ZS,..,1973
36,Guinea,GIN,Current health expenditure (% of GDP),SH.XPD.CHEX.GD.ZS,..,1973
42,Guinea-Bissau,GNB,Current health expenditure (% of GDP),SH.XPD.CHEX.GD.ZS,..,1973
48,Liberia,LBR,Current health expenditure (% of GDP),SH.XPD.CHEX.GD.ZS,..,1973
54,Mali,MLI,Current health expenditure (% of GDP),SH.XPD.CHEX.GD.ZS,..,1973
60,Niger,NER,Current health expenditure (% of GDP),SH.XPD.CHEX.GD.ZS,..,1973
66,Nigeria,NGA,Current health expenditure (% of GDP),SH.XPD.CHEX.GD.ZS,..,1973
72,Senegal,SEN,Current health expenditure (% of GDP),SH.XPD.CHEX.GD.ZS,..,1973
78,Sierra Leone,SLE,Current health expenditure (% of GDP),SH.XPD.CHEX.GD.ZS,..,1973
84,Togo,TGO,Current health expenditure (% of GDP),SH.XPD.CHEX.GD.ZS,..,1973
0,Burkina Faso,BFA,Current health expenditure (% of GDP),SH.XPD.CHEX.GD.ZS,..,1974
6,Benin,BEN,Current health expenditure (% of GDP),SH.XPD.CHEX.GD.ZS,..,1974
12,Cabo Verde,CPV,Current health expenditure (% of GDP),SH.XPD.CHEX.GD.ZS,..,1974
18,Cote d'Ivoire,CIV,Current health expenditure (% of GDP),SH.XPD.CHEX.GD.ZS,..,1974
24,"Gambia, The",GMB,Current health expenditure (% of GDP),SH.XPD.CHEX.GD.ZS,..,1974
30,Ghana,GHA,Current health expenditure (% of GDP),SH.XPD.CHEX.GD.ZS,..,1974
36,Guinea,GIN,Current health expenditure (% of GDP),SH.XPD.CHEX.GD.ZS,..,1974
42,Guinea-Bissau,GNB,Current health expenditure (% of GDP),SH.XPD.CHEX.GD.ZS,..,1974
48,Liberia,LBR,Current health expenditure (% of GDP),SH.XPD.CHEX.GD.ZS,..,1974
54,Mali,MLI,Current health expenditure (% of GDP),SH.XPD.CHEX.GD.ZS,..,1974
60,Niger,NER,Current health expenditure (% of GDP),SH.XPD.CHEX.GD.ZS,..,1974
66,Nigeria,NGA,Current health expenditure (% of GDP),SH.XPD.CHEX.GD.ZS,..,1974
72,Senegal,SEN,Current health expenditure (% of GDP),SH.XPD.CHEX.GD.ZS,..,1974
78,Sierra Leone,SLE,Current health expenditure (% of GDP),SH.XPD.CHEX.GD.ZS,..,1974
84,Togo,TGO,Current health expenditure (% of GDP),SH.XPD.CHEX.GD.ZS,..,1974
0,Burkina Faso,BFA,Current health expenditure (% of GDP),SH.XPD.CHEX.GD.ZS,..,1975
6,Benin,BEN,Current health expenditure (% of GDP),SH.XPD.CHEX.GD.ZS,..,1975
12,Cabo Verde,CPV,Current health expenditure (% of GDP),SH.XPD.CHEX.GD.ZS,..,1975
18,Cote d'Ivoire,CIV,Current health expenditure (% of GDP),SH.XPD.CHEX.GD.ZS,..,1975
24,"Gambia, The",GMB,Current health expenditure (% of GDP),SH.XPD.CHEX.GD.ZS,..,1975
30,Ghana,GHA,Current health expenditure (% of GDP),SH.XPD.CHEX.GD.ZS,..,1975
36,Guinea,GIN,Current health expenditure (% of GDP),SH.XPD.CHEX.GD.ZS,..,1975
42,Guinea-Bissau,GNB,Current health expenditure (% of GDP),SH.XPD.CHEX.GD.ZS,..,1975
48,Liberia,LBR,Current health expenditure (% of GDP),SH.XPD.CHEX.GD.ZS,..,1975
54,Mali,MLI,Current health expenditure (% of GDP),SH.XPD.CHEX.GD.ZS,..,1975
60,Niger,NER,Current health expenditure (% of GDP),SH.XPD.CHEX.GD.ZS,..,1975
66,Nigeria,NGA,Current health expenditure (% of GDP),SH.XPD.CHEX.GD.ZS,..,1975
72,Senegal,SEN,Current health expenditure (% of GDP),SH.XPD.CHEX.GD.ZS,..,1975
78,Sierra Leone,SLE,Current health expenditure (% of GDP),SH.XPD.CHEX.GD.ZS,..,1975
84,Togo,TGO,Current health expenditure (% of GDP),SH.XPD.CHEX.GD.ZS,..,1975
0,Burkina Faso,BFA,Current health expenditure (% of GDP),SH.XPD.CHEX.GD.ZS,..,1976
6,Benin,BEN,Current health expenditure (% of GDP),SH.XPD.CHEX.GD.ZS,..,1976
12,Cabo Verde,CPV,Current health expenditure (% of GDP),SH.XPD.CHEX.GD.ZS,..,1976
18,Cote d'Ivoire,CIV,Current health expenditure (% of GDP),SH.XPD.CHEX.GD.ZS,..,1976
24,"Gambia, The",GMB,Current health expenditure (% of GDP),SH.XPD.CHEX.GD.ZS,..,1976
30,Ghana,GHA,Current health expenditure (% of GDP),SH.XPD.CHEX.GD.ZS,..,1976
36,Guinea,GIN,Current health expenditure (% of GDP),SH.XPD.CHEX.GD.ZS,..,1976
42,Guinea-Bissau,GNB,Current health expenditure (% of GDP),SH.XPD.CHEX.GD.ZS,..,1976
48,Liberia,LBR,Current health expenditure (% of GDP),SH.XPD.CHEX.GD.ZS,..,1976
54,Mali,MLI,Current health expenditure (% of GDP),SH.XPD.CHEX.GD.ZS,..,1976
60,Niger,NER,Current health expenditure (% of GDP),SH.XPD.CHEX.GD.ZS,..,1976
66,Nigeria,NGA,Current health expenditure (% of GDP),SH.XPD.CHEX.GD.ZS,..,1976
72,Senegal,SEN,Current health expenditure (% of GDP),SH.XPD.CHEX.GD.ZS,..,1976
78,Sierra Leone,SLE,Current health expenditure (% of GDP),SH.XPD.CHEX.GD.ZS,..,1976
84,Togo,TGO,Current health expenditure (% of GDP),SH.XPD.CHEX.GD.ZS,..,1976
0,Burkina Faso,BFA,Current health expenditure (% of GDP),SH.XPD.CHEX.GD.ZS,..,1977
6,Benin,BEN,Current health expenditure (% of GDP),SH.XPD.CHEX.GD.ZS,..,1977
12,Cabo Verde,CPV,Current health expenditure (% of GDP),SH.XPD.CHEX.GD.ZS,..,1977
18,Cote d'Ivoire,CIV,Current health expenditure (% of GDP),SH.XPD.CHEX.GD.ZS,..,1977
24,"Gambia, The",GMB,Current health expenditure (% of GDP),SH.XPD.CHEX.GD.ZS,..,1977
30,Ghana,GHA,Current health expenditure (% of GDP),SH.XPD.CHEX.GD.ZS,..,1977
36,Guinea,GIN,Current health expenditure (% of GDP),SH.XPD.CHEX.GD.ZS,..,1977
42,Guinea-Bissau,GNB,Current health expenditure (% of GDP),SH.XPD.CHEX.GD.ZS,..,1977
48,Liberia,LBR,Current health expenditure (% of GDP),SH.XPD.CHEX.GD.ZS,..,1977
54,Mali,MLI,Current health expenditure (% of GDP),SH.XPD.CHEX.GD.ZS,..,1977
60,Niger,NER,Current health expenditure (% of GDP),SH.XPD.CHEX.GD.ZS,..,1977
66,Nigeria,NGA,Current health expenditure (% of GDP),SH.XPD.CHEX.GD.ZS,..,1977
72,Senegal,SEN,Current health expenditure (% of GDP),SH.XPD.CHEX.GD.ZS,..,1977
78,Sierra Leone,SLE,Current health expenditure (% of GDP),SH.XPD.CHEX.GD.ZS,..,1977
84,Togo,TGO,Current health expenditure (% of GDP),SH.XPD.CHEX.GD.ZS,..,1977
0,Burkina Faso,BFA,Current health expenditure (% of GDP),SH.XPD.CHEX.GD.ZS,..,1978
6,Benin,BEN,Current health expenditure (% of GDP),SH.XPD.CHEX.GD.ZS,..,1978
12,Cabo Verde,CPV,Current health expenditure (% of GDP),SH.XPD.CHEX.GD.ZS,..,1978
18,Cote d'Ivoire,CIV,Current health expenditure (% of GDP),SH.XPD.CHEX.GD.ZS,..,1978
24,"Gambia, The",GMB,Current health expenditure (% of GDP),SH.XPD.CHEX.GD.ZS,..,1978
30,Ghana,GHA,Current health expenditure (% of GDP),SH.XPD.CHEX.GD.ZS,..,1978
36,Guinea,GIN,Current health expenditure (% of GDP),SH.XPD.CHEX.GD.ZS,..,1978
42,Guinea-Bissau,GNB,Current health expenditure (% of GDP),SH.XPD.CHEX.GD.ZS,..,1978
48,Liberia,LBR,Current health expenditure (% of GDP),SH.XPD.CHEX.GD.ZS,..,1978
54,Mali,MLI,Current health expenditure (% of GDP),SH.XPD.CHEX.GD.ZS,..,1978
60,Niger,NER,Current health expenditure (% of GDP),SH.XPD.CHEX.GD.ZS,..,1978
66,Nigeria,NGA,Current health expenditure (% of GDP),SH.XPD.CHEX.GD.ZS,..,1978
72,Senegal,SEN,Current health expenditure (% of GDP),SH.XPD.CHEX.GD.ZS,..,1978
78,Sierra Leone,SLE,Current health expenditure (% of GDP),SH.XPD.CHEX.GD.ZS,..,1978
84,Togo,TGO,Current health expenditure (% of GDP),SH.XPD.CHEX.GD.ZS,..,1978
0,Burkina Faso,BFA,Current health expenditure (% of GDP),SH.XPD.CHEX.GD.ZS,..,1979
6,Benin,BEN,Current health expenditure (% of GDP),SH.XPD.CHEX.GD.ZS,..,1979
12,Cabo Verde,CPV,Current health expenditure (% of GDP),SH.XPD.CHEX.GD.ZS,..,1979
18,Cote d'Ivoire,CIV,Current health expenditure (% of GDP),SH.XPD.CHEX.GD.ZS,..,1979
24,"Gambia, The",GMB,Current health expenditure (% of GDP),SH.XPD.CHEX.GD.ZS,..,1979
30,Ghana,GHA,Current health expenditure (% of GDP),SH.XPD.CHEX.GD.ZS,..,1979
36,Guinea,GIN,Current health expenditure (% of GDP),SH.XPD.CHEX.GD.ZS,..,1979
42,Guinea-Bissau,GNB,Current health expenditure (% of GDP),SH.XPD.CHEX.GD.ZS,..,1979
48,Liberia,LBR,Current health expenditure (% of GDP),SH.XPD.CHEX.GD.ZS,..,1979
54,Mali,MLI,Current health expenditure (% of GDP),SH.XPD.CHEX.GD.ZS,..,1979
60,Niger,NER,Current health expenditure (% of GDP),SH.XPD.CHEX.GD.ZS,..,1979
66,Nigeria,NGA,Current health expenditure (% of GDP),SH.XPD.CHEX.GD.ZS,..,1979
72,Senegal,SEN,Current health expenditure (% of GDP),SH.XPD.CHEX.GD.ZS,..,1979
78,Sierra Leone,SLE,Current health expenditure (% of GDP),SH.XPD.CHEX.GD.ZS,..,1979
84,Togo,TGO,Current health expenditure (% of GDP),SH.XPD.CHEX.GD.ZS,..,1979
0,Burkina Faso,BFA,Current health expenditure (% of GDP),SH.XPD.CHEX.GD.ZS,..,1980
6,Benin,BEN,Current health expenditure (% of GDP),SH.XPD.CHEX.GD.ZS,..,1980
12,Cabo Verde,CPV,Current health expenditure (% of GDP),SH.XPD.CHEX.GD.ZS,..,1980
18,Cote d'Ivoire,CIV,Current health expenditure (% of GDP),SH.XPD.CHEX.GD.ZS,..,1980
24,"Gambia, The",GMB,Current health expenditure (% of GDP),SH.XPD.CHEX.GD.ZS,..,1980
30,Ghana,GHA,Current health expenditure (% of GDP),SH.XPD.CHEX.GD.ZS,..,1980
36,Guinea,GIN,Current health expenditure (% of GDP),SH.XPD.CHEX.GD.ZS,..,1980
42,Guinea-Bissau,GNB,Current health expenditure (% of GDP),SH.XPD.CHEX.GD.ZS,..,1980
48,Liberia,LBR,Current health expenditure (% of GDP),SH.XPD.CHEX.GD.ZS,..,1980
54,Mali,MLI,Current health expenditure (% of GDP),SH.XPD.CHEX.GD.ZS,..,1980
60,Niger,NER,Current health expenditure (% of GDP),SH.XPD.CHEX.GD.ZS,..,1980
66,Nigeria,NGA,Current health expenditure (% of GDP),SH.XPD.CHEX.GD.ZS,..,1980
72,Senegal,SEN,Current health expenditure (% of GDP),SH.XPD.CHEX.GD.ZS,..,1980
78,Sierra Leone,SLE,Current health expenditure (% of GDP),SH.XPD.CHEX.GD.ZS,..,1980
84,Togo,TGO,Current health expenditure (% of GDP),SH.XPD.CHEX.GD.ZS,..,1980
0,Burkina Faso,BFA,Current health expenditure (% of GDP),SH.XPD.CHEX.GD.ZS,..,1981
6,Benin,BEN,Current health expenditure (% of GDP),SH.XPD.CHEX.GD.ZS,..,1981
12,Cabo Verde,CPV,Current health expenditure (% of GDP),SH.XPD.CHEX.GD.ZS,..,1981
18,Cote d'Ivoire,CIV,Current health expenditure (% of GDP),SH.XPD.CHEX.GD.ZS,..,1981
24,"Gambia, The",GMB,Current health expenditure (% of GDP),SH.XPD.CHEX.GD.ZS,..,1981
30,Ghana,GHA,Current health expenditure (% of GDP),SH.XPD.CHEX.GD.ZS,..,1981
36,Guinea,GIN,Current health expenditure (% of GDP),SH.XPD.CHEX.GD.ZS,..,1981
42,Guinea-Bissau,GNB,Current health expenditure (% of GDP),SH.XPD.CHEX.GD.ZS,..,1981
48,Liberia,LBR,Current health expenditure (% of GDP),SH.XPD.CHEX.GD.ZS,..,1981
54,Mali,MLI,Current health expenditure (% of GDP),SH.XPD.CHEX.GD.ZS,..,1981
60,Niger,NER,Current health expenditure (% of GDP),SH.XPD.CHEX.GD.ZS,..,1981
66,Nigeria,NGA,Current health expenditure (% of GDP),SH.XPD.CHEX.GD.ZS,..,1981
72,Senegal,SEN,Current health expenditure (% of GDP),SH.XPD.CHEX.GD.ZS,..,1981
78,Sierra Leone,SLE,Current health expenditure (% of GDP),SH.XPD.CHEX.GD.ZS,..,1981
84,Togo,TGO,Current health expenditure (% of GDP),SH.XPD.CHEX.GD.ZS,..,1981
0,Burkina Faso,BFA,Current health expenditure (% of GDP),SH.XPD.CHEX.GD.ZS,..,1982
6,Benin,BEN,Current health expenditure (% of GDP),SH.XPD.CHEX.GD.ZS,..,1982
12,Cabo Verde,CPV,Current health expenditure (% of GDP),SH.XPD.CHEX.GD.ZS,..,1982
18,Cote d'Ivoire,CIV,Current health expenditure (% of GDP),SH.XPD.CHEX.GD.ZS,..,1982
24,"Gambia, The",GMB,Current health expenditure (% of GDP),SH.XPD.CHEX.GD.ZS,..,1982
30,Ghana,GHA,Current health expenditure (% of GDP),SH.XPD.CHEX.GD.ZS,..,1982
36,Guinea,GIN,Current health expenditure (% of GDP),SH.XPD.CHEX.GD.ZS,..,1982
42,Guinea-Bissau,GNB,Current health expenditure (% of GDP),SH.XPD.CHEX.GD.ZS,..,1982
48,Liberia,LBR,Current health expenditure (% of GDP),SH.XPD.CHEX.GD.ZS,..,1982
54,Mali,MLI,Current health expenditure (% of GDP),SH.XPD.CHEX.GD.ZS,..,1982
60,Niger,NER,Current health expenditure (% of GDP),SH.XPD.CHEX.GD.ZS,..,1982
66,Nigeria,NGA,Current health expenditure (% of GDP),SH.XPD.CHEX.GD.ZS,..,1982
72,Senegal,SEN,Current health expenditure (% of GDP),SH.XPD.CHEX.GD.ZS,..,1982
78,Sierra Leone,SLE,Current health expenditure (% of GDP),SH.XPD.CHEX.GD.ZS,..,1982
84,Togo,TGO,Current health expenditure (% of GDP),SH.XPD.CHEX.GD.ZS,..,1982
0,Burkina Faso,BFA,Current health expenditure (% of GDP),SH.XPD.CHEX.GD.ZS,..,1983
6,Benin,BEN,Current health expenditure (% of GDP),SH.XPD.CHEX.GD.ZS,..,1983
12,Cabo Verde,CPV,Current health expenditure (% of GDP),SH.XPD.CHEX.GD.ZS,..,1983
18,Cote d'Ivoire,CIV,Current health expenditure (% of GDP),SH.XPD.CHEX.GD.ZS,..,1983
24,"Gambia, The",GMB,Current health expenditure (% of GDP),SH.XPD.CHEX.GD.ZS,..,1983
30,Ghana,GHA,Current health expenditure (% of GDP),SH.XPD.CHEX.GD.ZS,..,1983
36,Guinea,GIN,Current health expenditure (% of GDP),SH.XPD.CHEX.GD.ZS,..,1983
42,Guinea-Bissau,GNB,Current health expenditure (% of GDP),SH.XPD.CHEX.GD.ZS,..,1983
48,Liberia,LBR,Current health expenditure (% of GDP),SH.XPD.CHEX.GD.ZS,..,1983
54,Mali,MLI,Current health expenditure (% of GDP),SH.XPD.CHEX.GD.ZS,..,1983
60,Niger,NER,Current health expenditure (% of GDP),SH.XPD.CHEX.GD.ZS,..,1983
66,Nigeria,NGA,Current health expenditure (% of GDP),SH.XPD.CHEX.GD.ZS,..,1983
72,Senegal,SEN,Current health expenditure (% of GDP),SH.XPD.CHEX.GD.ZS,..,1983
78,Sierra Leone,SLE,Current health expenditure (% of GDP),SH.XPD.CHEX.GD.ZS,..,1983
84,Togo,TGO,Current health expenditure (% of GDP),SH.XPD.CHEX.GD.ZS,..,1983
0,Burkina Faso,BFA,Current health expenditure (% of GDP),SH.XPD.CHEX.GD.ZS,..,1984
6,Benin,BEN,Current health expenditure (% of GDP),SH.XPD.CHEX.GD.ZS,..,1984
12,Cabo Verde,CPV,Current health expenditure (% of GDP),SH.XPD.CHEX.GD.ZS,..,1984
18,Cote d'Ivoire,CIV,Current health expenditure (% of GDP),SH.XPD.CHEX.GD.ZS,..,1984
24,"Gambia, The",GMB,Current health expenditure (% of GDP),SH.XPD.CHEX.GD.ZS,..,1984
30,Ghana,GHA,Current health expenditure (% of GDP),SH.XPD.CHEX.GD.ZS,..,1984
36,Guinea,GIN,Current health expenditure (% of GDP),SH.XPD.CHEX.GD.ZS,..,1984
42,Guinea-Bissau,GNB,Current health expenditure (% of GDP),SH.XPD.CHEX.GD.ZS,..,1984
48,Liberia,LBR,Current health expenditure (% of GDP),SH.XPD.CHEX.GD.ZS,..,1984
54,Mali,MLI,Current health expenditure (% of GDP),SH.XPD.CHEX.GD.ZS,..,1984
60,Niger,NER,Current health expenditure (% of GDP),SH.XPD.CHEX.GD.ZS,..,1984
66,Nigeria,NGA,Current health expenditure (% of GDP),SH.XPD.CHEX.GD.ZS,..,1984
72,Senegal,SEN,Current health expenditure (% of GDP),SH.XPD.CHEX.GD.ZS,..,1984
78,Sierra Leone,SLE,Current health expenditure (% of GDP),SH.XPD.CHEX.GD.ZS,..,1984
84,Togo,TGO,Current health expenditure (% of GDP),SH.XPD.CHEX.GD.ZS,..,1984
0,Burkina Faso,BFA,Current health expenditure (% of GDP),SH.XPD.CHEX.GD.ZS,..,1985
6,Benin,BEN,Current health expenditure (% of GDP),SH.XPD.CHEX.GD.ZS,..,1985
12,Cabo Verde,CPV,Current health expenditure (% of GDP),SH.XPD.CHEX.GD.ZS,..,1985
18,Cote d'Ivoire,CIV,Current health expenditure (% of GDP),SH.XPD.CHEX.GD.ZS,..,1985
24,"Gambia, The",GMB,Current health expenditure (% of GDP),SH.XPD.CHEX.GD.ZS,..,1985
30,Ghana,GHA,Current health expenditure (% of GDP),SH.XPD.CHEX.GD.ZS,..,1985
36,Guinea,GIN,Current health expenditure (% of GDP),SH.XPD.CHEX.GD.ZS,..,1985
42,Guinea-Bissau,GNB,Current health expenditure (% of GDP),SH.XPD.CHEX.GD.ZS,..,1985
48,Liberia,LBR,Current health expenditure (% of GDP),SH.XPD.CHEX.GD.ZS,..,1985
54,Mali,MLI,Current health expenditure (% of GDP),SH.XPD.CHEX.GD.ZS,..,1985
60,Niger,NER,Current health expenditure (% of GDP),SH.XPD.CHEX.GD.ZS,..,1985
66,Nigeria,NGA,Current health expenditure (% of GDP),SH.XPD.CHEX.GD.ZS,..,1985
72,Senegal,SEN,Current health expenditure (% of GDP),SH.XPD.CHEX.GD.ZS,..,1985
78,Sierra Leone,SLE,Current health expenditure (% of GDP),SH.XPD.CHEX.GD.ZS,..,1985
84,Togo,TGO,Current health expenditure (% of GDP),SH.XPD.CHEX.GD.ZS,..,1985
0,Burkina Faso,BFA,Current health expenditure (% of GDP),SH.XPD.CHEX.GD.ZS,..,1986
6,Benin,BEN,Current health expenditure (% of GDP),SH.XPD.CHEX.GD.ZS,..,1986
12,Cabo Verde,CPV,Current health expenditure (% of GDP),SH.XPD.CHEX.GD.ZS,..,1986
18,Cote d'Ivoire,CIV,Current health expenditure (% of GDP),SH.XPD.CHEX.GD.ZS,..,1986
24,"Gambia, The",GMB,Current health expenditure (% of GDP),SH.XPD.CHEX.GD.ZS,..,1986
30,Ghana,GHA,Current health expenditure (% of GDP),SH.XPD.CHEX.GD.ZS,..,1986
36,Guinea,GIN,Current health expenditure (% of GDP),SH.XPD.CHEX.GD.ZS,..,1986
42,Guinea-Bissau,GNB,Current health expenditure (% of GDP),SH.XPD.CHEX.GD.ZS,..,1986
48,Liberia,LBR,Current health expenditure (% of GDP),SH.XPD.CHEX.GD.ZS,..,1986
54,Mali,MLI,Current health expenditure (% of GDP),SH.XPD.CHEX.GD.ZS,..,1986
60,Niger,NER,Current health expenditure (% of GDP),SH.XPD.CHEX.GD.ZS,..,1986
66,Nigeria,NGA,Current health expenditure (% of GDP),SH.XPD.CHEX.GD.ZS,..,1986
72,Senegal,SEN,Current health expenditure (% of GDP),SH.XPD.CHEX.GD.ZS,..,1986
78,Sierra Leone,SLE,Current health expenditure (% of GDP),SH.XPD.CHEX.GD.ZS,..,1986
84,Togo,TGO,Current health expenditure (% of GDP),SH.XPD.CHEX.GD.ZS,..,1986
0,Burkina Faso,BFA,Current health expenditure (% of GDP),SH.XPD.CHEX.GD.ZS,..,1987
6,Benin,BEN,Current health expenditure (% of GDP),SH.XPD.CHEX.GD.ZS,..,1987
12,Cabo Verde,CPV,Current health expenditure (% of GDP),SH.XPD.CHEX.GD.ZS,..,1987
18,Cote d'Ivoire,CIV,Current health expenditure (% of GDP),SH.XPD.CHEX.GD.ZS,..,1987
24,"Gambia, The",GMB,Current health expenditure (% of GDP),SH.XPD.CHEX.GD.ZS,..,1987
30,Ghana,GHA,Current health expenditure (% of GDP),SH.XPD.CHEX.GD.ZS,..,1987
36,Guinea,GIN,Current health expenditure (% of GDP),SH.XPD.CHEX.GD.ZS,..,1987
42,Guinea-Bissau,GNB,Current health expenditure (% of GDP),SH.XPD.CHEX.GD.ZS,..,1987
48,Liberia,LBR,Current health expenditure (% of GDP),SH.XPD.CHEX.GD.ZS,..,1987
54,Mali,MLI,Current health expenditure (% of GDP),SH.XPD.CHEX.GD.ZS,..,1987
60,Niger,NER,Current health expenditure (% of GDP),SH.XPD.CHEX.GD.ZS,..,1987
66,Nigeria,NGA,Current health expenditure (% of GDP),SH.XPD.CHEX.GD.ZS,..,1987
72,Senegal,SEN,Current health expenditure (% of GDP),SH.XPD.CHEX.GD.ZS,..,1987
78,Sierra Leone,SLE,Current health expenditure (% of GDP),SH.XPD.CHEX.GD.ZS,..,1987
84,Togo,TGO,Current health expenditure (% of GDP),SH.XPD.CHEX.GD.ZS,..,1987
0,Burkina Faso,BFA,Current health expenditure (% of GDP),SH.XPD.CHEX.GD.ZS,..,1988
6,Benin,BEN,Current health expenditure (% of GDP),SH.XPD.CHEX.GD.ZS,..,1988
12,Cabo Verde,CPV,Current health expenditure (% of GDP),SH.XPD.CHEX.GD.ZS,..,1988
18,Cote d'Ivoire,CIV,Current health expenditure (% of GDP),SH.XPD.CHEX.GD.ZS,..,1988
24,"Gambia, The",GMB,Current health expenditure (% of GDP),SH.XPD.CHEX.GD.ZS,..,1988
30,Ghana,GHA,Current health expenditure (% of GDP),SH.XPD.CHEX.GD.ZS,..,1988
36,Guinea,GIN,Current health expenditure (% of GDP),SH.XPD.CHEX.GD.ZS,..,1988
42,Guinea-Bissau,GNB,Current health expenditure (% of GDP),SH.XPD.CHEX.GD.ZS,..,1988
48,Liberia,LBR,Current health expenditure (% of GDP),SH.XPD.CHEX.GD.ZS,..,1988
54,Mali,MLI,Current health expenditure (% of GDP),SH.XPD.CHEX.GD.ZS,..,1988
60,Niger,NER,Current health expenditure (% of GDP),SH.XPD.CHEX.GD.ZS,..,1988
66,Nigeria,NGA,Current health expenditure (% of GDP),SH.XPD.CHEX.GD.ZS,..,1988
72,Senegal,SEN,Current health expenditure (% of GDP),SH.XPD.CHEX.GD.ZS,..,1988
78,Sierra Leone,SLE,Current health expenditure (% of GDP),SH.XPD.CHEX.GD.ZS,..,1988
84,Togo,TGO,Current health expenditure (% of GDP),SH.XPD.CHEX.GD.ZS,..,1988
0,Burkina Faso,BFA,Current health expenditure (% of GDP),SH.XPD.CHEX.GD.ZS,..,1989
6,Benin,BEN,Current health expenditure (% of GDP),SH.XPD.CHEX.GD.ZS,..,1989
12,Cabo Verde,CPV,Current health expenditure (% of GDP),SH.XPD.CHEX.GD.ZS,..,1989
18,Cote d'Ivoire,CIV,Current health expenditure (% of GDP),SH.XPD.CHEX.GD.ZS,..,1989
24,"Gambia, The",GMB,Current health expenditure (% of GDP),SH.XPD.CHEX.GD.ZS,..,1989
30,Ghana,GHA,Current health expenditure (% of GDP),SH.XPD.CHEX.GD.ZS,..,1989
36,Guinea,GIN,Current health expenditure (% of GDP),SH.XPD.CHEX.GD.ZS,..,1989
42,Guinea-Bissau,GNB,Current health expenditure (% of GDP),SH.XPD.CHEX.GD.ZS,..,1989
48,Liberia,LBR,Current health expenditure (% of GDP),SH.XPD.CHEX.GD.ZS,..,1989
54,Mali,MLI,Current health expenditure (% of GDP),SH.XPD.CHEX.GD.ZS,..,1989
60,Niger,NER,Current health expenditure (% of GDP),SH.XPD.CHEX.GD.ZS,..,1989
66,Nigeria,NGA,Current health expenditure (% of GDP),SH.XPD.CHEX.GD.ZS,..,1989
72,Senegal,SEN,Current health expenditure (% of GDP),SH.XPD.CHEX.GD.ZS,..,1989
78,Sierra Leone,SLE,Current health expenditure (% of GDP),SH.XPD.CHEX.GD.ZS,..,1989
84,Togo,TGO,Current health expenditure (% of GDP),SH.XPD.CHEX.GD.ZS,..,1989
0,Burkina Faso,BFA,Current health expenditure (% of GDP),SH.XPD.CHEX.GD.ZS,..,1990
6,Benin,BEN,Current health expenditure (% of GDP),SH.XPD.CHEX.GD.ZS,..,1990
12,Cabo Verde,CPV,Current health expenditure (% of GDP),SH.XPD.CHEX.GD.ZS,..,1990
18,Cote d'Ivoire,CIV,Current health expenditure (% of GDP),SH.XPD.CHEX.GD.ZS,..,1990
24,"Gambia, The",GMB,Current health expenditure (% of GDP),SH.XPD.CHEX.GD.ZS,..,1990
30,Ghana,GHA,Current health expenditure (% of GDP),SH.XPD.CHEX.GD.ZS,..,1990
36,Guinea,GIN,Current health expenditure (% of GDP),SH.XPD.CHEX.GD.ZS,..,1990
42,Guinea-Bissau,GNB,Current health expenditure (% of GDP),SH.XPD.CHEX.GD.ZS,..,1990
48,Liberia,LBR,Current health expenditure (% of GDP),SH.XPD.CHEX.GD.ZS,..,1990
54,Mali,MLI,Current health expenditure (% of GDP),SH.XPD.CHEX.GD.ZS,..,1990
60,Niger,NER,Current health expenditure (% of GDP),SH.XPD.CHEX.GD.ZS,..,1990
66,Nigeria,NGA,Current health expenditure (% of GDP),SH.XPD.CHEX.GD.ZS,..,1990
72,Senegal,SEN,Current health expenditure (% of GDP),SH.XPD.CHEX.GD.ZS,..,1990
78,Sierra Leone,SLE,Current health expenditure (% of GDP),SH.XPD.CHEX.GD.ZS,..,1990
84,Togo,TGO,Current health expenditure (% of GDP),SH.XPD.CHEX.GD.ZS,..,1990
0,Burkina Faso,BFA,Current health expenditure (% of GDP),SH.XPD.CHEX.GD.ZS,..,1991
6,Benin,BEN,Current health expenditure (% of GDP),SH.XPD.CHEX.GD.ZS,..,1991
12,Cabo Verde,CPV,Current health expenditure (% of GDP),SH.XPD.CHEX.GD.ZS,..,1991
18,Cote d'Ivoire,CIV,Current health expenditure (% of GDP),SH.XPD.CHEX.GD.ZS,..,1991
24,"Gambia, The",GMB,Current health expenditure (% of GDP),SH.XPD.CHEX.GD.ZS,..,1991
30,Ghana,GHA,Current health expenditure (% of GDP),SH.XPD.CHEX.GD.ZS,..,1991
36,Guinea,GIN,Current health expenditure (% of GDP),SH.XPD.CHEX.GD.ZS,..,1991
42,Guinea-Bissau,GNB,Current health expenditure (% of GDP),SH.XPD.CHEX.GD.ZS,..,1991
48,Liberia,LBR,Current health expenditure (% of GDP),SH.XPD.CHEX.GD.ZS,..,1991
54,Mali,MLI,Current health expenditure (% of GDP),SH.XPD.CHEX.GD.ZS,..,1991
60,Niger,NER,Current health expenditure (% of GDP),SH.XPD.CHEX.GD.ZS,..,1991
66,Nigeria,NGA,Current health expenditure (% of GDP),SH.XPD.CHEX.GD.ZS,..,1991
72,Senegal,SEN,Current health expenditure (% of GDP),SH.XPD.CHEX.GD.ZS,..,1991
78,Sierra Leone,SLE,Current health expenditure (% of GDP),SH.XPD.CHEX.GD.ZS,..,1991
84,Togo,TGO,Current health expenditure (% of GDP),SH.XPD.CHEX.GD.ZS,..,1991
0,Burkina Faso,BFA,Current health expenditure (% of GDP),SH.XPD.CHEX.GD.ZS,..,1992
6,Benin,BEN,Current health expenditure (% of GDP),SH.XPD.CHEX.GD.ZS,..,1992
12,Cabo Verde,CPV,Current health expenditure (% of GDP),SH.XPD.CHEX.GD.ZS,..,1992
18,Cote d'Ivoire,CIV,Current health expenditure (% of GDP),SH.XPD.CHEX.GD.ZS,..,1992
24,"Gambia, The",GMB,Current health expenditure (% of GDP),SH.XPD.CHEX.GD.ZS,..,1992
30,Ghana,GHA,Current health expenditure (% of GDP),SH.XPD.CHEX.GD.ZS,..,1992
36,Guinea,GIN,Current health expenditure (% of GDP),SH.XPD.CHEX.GD.ZS,..,1992
42,Guinea-Bissau,GNB,Current health expenditure (% of GDP),SH.XPD.CHEX.GD.ZS,..,1992
48,Liberia,LBR,Current health expenditure (% of GDP),SH.XPD.CHEX.GD.ZS,..,1992
54,Mali,MLI,Current health expenditure (% of GDP),SH.XPD.CHEX.GD.ZS,..,1992
60,Niger,NER,Current health expenditure (% of GDP),SH.XPD.CHEX.GD.ZS,..,1992
66,Nigeria,NGA,Current health expenditure (% of GDP),SH.XPD.CHEX.GD.ZS,..,1992
72,Senegal,SEN,Current health expenditure (% of GDP),SH.XPD.CHEX.GD.ZS,..,1992
78,Sierra Leone,SLE,Current health expenditure (% of GDP),SH.XPD.CHEX.GD.ZS,..,1992
84,Togo,TGO,Current health expenditure (% of GDP),SH.XPD.CHEX.GD.ZS,..,1992
0,Burkina Faso,BFA,Current health expenditure (% of GDP),SH.XPD.CHEX.GD.ZS,..,1993
6,Benin,BEN,Current health expenditure (% of GDP),SH.XPD.CHEX.GD.ZS,..,1993
12,Cabo Verde,CPV,Current health expenditure (% of GDP),SH.XPD.CHEX.GD.ZS,..,1993
18,Cote d'Ivoire,CIV,Current health expenditure (% of GDP),SH.XPD.CHEX.GD.ZS,..,1993
24,"Gambia, The",GMB,Current health expenditure (% of GDP),SH.XPD.CHEX.GD.ZS,..,1993
30,Ghana,GHA,Current health expenditure (% of GDP),SH.XPD.CHEX.GD.ZS,..,1993
36,Guinea,GIN,Current health expenditure (% of GDP),SH.XPD.CHEX.GD.ZS,..,1993
42,Guinea-Bissau,GNB,Current health expenditure (% of GDP),SH.XPD.CHEX.GD.ZS,..,1993
48,Liberia,LBR,Current health expenditure (% of GDP),SH.XPD.CHEX.GD.ZS,..,1993
54,Mali,MLI,Current health expenditure (% of GDP),SH.XPD.CHEX.GD.ZS,..,1993
60,Niger,NER,Current health expenditure (% of GDP),SH.XPD.CHEX.GD.ZS,..,1993
66,Nigeria,NGA,Current health expenditure (% of GDP),SH.XPD.CHEX.GD.ZS,..,1993
72,Senegal,SEN,Current health expenditure (% of GDP),SH.XPD.CHEX.GD.ZS,..,1993
78,Sierra Leone,SLE,Current health expenditure (% of GDP),SH.XPD.CHEX.GD.ZS,..,1993
84,Togo,TGO,Current health expenditure (% of GDP),SH.XPD.CHEX.GD.ZS,..,1993
0,Burkina Faso,BFA,Current health expenditure (% of GDP),SH.XPD.CHEX.GD.ZS,..,1994
6,Benin,BEN,Current health expenditure (% of GDP),SH.XPD.CHEX.GD.ZS,..,1994
12,Cabo Verde,CPV,Current health expenditure (% of GDP),SH.XPD.CHEX.GD.ZS,..,1994
18,Cote d'Ivoire,CIV,Current health expenditure (% of GDP),SH.XPD.CHEX.GD.ZS,..,1994
24,"Gambia, The",GMB,Current health expenditure (% of GDP),SH.XPD.CHEX.GD.ZS,..,1994
30,Ghana,GHA,Current health expenditure (% of GDP),SH.XPD.CHEX.GD.ZS,..,1994
36,Guinea,GIN,Current health expenditure (% of GDP),SH.XPD.CHEX.GD.ZS,..,1994
42,Guinea-Bissau,GNB,Current health expenditure (% of GDP),SH.XPD.CHEX.GD.ZS,..,1994
48,Liberia,LBR,Current health expenditure (% of GDP),SH.XPD.CHEX.GD.ZS,..,1994
54,Mali,MLI,Current health expenditure (% of GDP),SH.XPD.CHEX.GD.ZS,..,1994
60,Niger,NER,Current health expenditure (% of GDP),SH.XPD.CHEX.GD.ZS,..,1994
66,Nigeria,NGA,Current health expenditure (% of GDP),SH.XPD.CHEX.GD.ZS,..,1994
72,Senegal,SEN,Current health expenditure (% of GDP),SH.XPD.CHEX.GD.ZS,..,1994
78,Sierra Leone,SLE,Current health expenditure (% of GDP),SH.XPD.CHEX.GD.ZS,..,1994
84,Togo,TGO,Current health expenditure (% of GDP),SH.XPD.CHEX.GD.ZS,..,1994
0,Burkina Faso,BFA,Current health expenditure (% of GDP),SH.XPD.CHEX.GD.ZS,..,1995
6,Benin,BEN,Current health expenditure (% of GDP),SH.XPD.CHEX.GD.ZS,..,1995
12,Cabo Verde,CPV,Current health expenditure (% of GDP),SH.XPD.CHEX.GD.ZS,..,1995
18,Cote d'Ivoire,CIV,Current health expenditure (% of GDP),SH.XPD.CHEX.GD.ZS,..,1995
24,"Gambia, The",GMB,Current health expenditure (% of GDP),SH.XPD.CHEX.GD.ZS,..,1995
30,Ghana,GHA,Current health expenditure (% of GDP),SH.XPD.CHEX.GD.ZS,..,1995
36,Guinea,GIN,Current health expenditure (% of GDP),SH.XPD.CHEX.GD.ZS,..,1995
42,Guinea-Bissau,GNB,Current health expenditure (% of GDP),SH.XPD.CHEX.GD.ZS,..,1995
48,Liberia,LBR,Current health expenditure (% of GDP),SH.XPD.CHEX.GD.ZS,..,1995
54,Mali,MLI,Current health expenditure (% of GDP),SH.XPD.CHEX.GD.ZS,..,1995
60,Niger,NER,Current health expenditure (% of GDP),SH.XPD.CHEX.GD.ZS,..,1995
66,Nigeria,NGA,Current health expenditure (% of GDP),SH.XPD.CHEX.GD.ZS,..,1995
72,Senegal,SEN,Current health expenditure (% of GDP),SH.XPD.CHEX.GD.ZS,..,1995
78,Sierra Leone,SLE,Current health expenditure (% of GDP),SH.XPD.CHEX.GD.ZS,..,1995
84,Togo,TGO,Current health expenditure (% of GDP),SH.XPD.CHEX.GD.ZS,..,1995
0,Burkina Faso,BFA,Current health expenditure (% of GDP),SH.XPD.CHEX.GD.ZS,..,1996
6,Benin,BEN,Current health expenditure (% of GDP),SH.XPD.CHEX.GD.ZS,..,1996
12,Cabo Verde,CPV,Current health expenditure (% of GDP),SH.XPD.CHEX.GD.ZS,..,1996
18,Cote d'Ivoire,CIV,Current health expenditure (% of GDP),SH.XPD.CHEX.GD.ZS,..,1996
24,"Gambia, The",GMB,Current health expenditure (% of GDP),SH.XPD.CHEX.GD.ZS,..,1996
30,Ghana,GHA,Current health expenditure (% of GDP),SH.XPD.CHEX.GD.ZS,..,1996
36,Guinea,GIN,Current health expenditure (% of GDP),SH.XPD.CHEX.GD.ZS,..,1996
42,Guinea-Bissau,GNB,Current health expenditure (% of GDP),SH.XPD.CHEX.GD.ZS,..,1996
48,Liberia,LBR,Current health expenditure (% of GDP),SH.XPD.CHEX.GD.ZS,..,1996
54,Mali,MLI,Current health expenditure (% of GDP),SH.XPD.CHEX.GD.ZS,..,1996
60,Niger,NER,Current health expenditure (% of GDP),SH.XPD.CHEX.GD.ZS,..,1996
66,Nigeria,NGA,Current health expenditure (% of GDP),SH.XPD.CHEX.GD.ZS,..,1996
72,Senegal,SEN,Current health expenditure (% of GDP),SH.XPD.CHEX.GD.ZS,..,1996
78,Sierra Leone,SLE,Current health expenditure (% of GDP),SH.XPD.CHEX.GD.ZS,..,1996
84,Togo,TGO,Current health expenditure (% of GDP),SH.XPD.CHEX.GD.ZS,..,1996
0,Burkina Faso,BFA,Current health expenditure (% of GDP),SH.XPD.CHEX.GD.ZS,..,1997
6,Benin,BEN,Current health expenditure (% of GDP),SH.XPD.CHEX.GD.ZS,..,1997
12,Cabo Verde,CPV,Current health expenditure (% of GDP),SH.XPD.CHEX.GD.ZS,..,1997
18,Cote d'Ivoire,CIV,Current health expenditure (% of GDP),SH.XPD.CHEX.GD.ZS,..,1997
24,"Gambia, The",GMB,Current health expenditure (% of GDP),SH.XPD.CHEX.GD.ZS,..,1997
30,Ghana,GHA,Current health expenditure (% of GDP),SH.XPD.CHEX.GD.ZS,..,1997
36,Guinea,GIN,Current health expenditure (% of GDP),SH.XPD.CHEX.GD.ZS,..,1997
42,Guinea-Bissau,GNB,Current health expenditure (% of GDP),SH.XPD.CHEX.GD.ZS,..,1997
48,Liberia,LBR,Current health expenditure (% of GDP),SH.XPD.CHEX.GD.ZS,..,1997
54,Mali,MLI,Current health expenditure (% of GDP),SH.XPD.CHEX.GD.ZS,..,1997
60,Niger,NER,Current health expenditure (% of GDP),SH.XPD.CHEX.GD.ZS,..,1997
66,Nigeria,NGA,Current health expenditure (% of GDP),SH.XPD.CHEX.GD.ZS,..,1997
72,Senegal,SEN,Current health expenditure (% of GDP),SH.XPD.CHEX.GD.ZS,..,1997
78,Sierra Leone,SLE,Current health expenditure (% of GDP),SH.XPD.CHEX.GD.ZS,..,1997
84,Togo,TGO,Current health expenditure (% of GDP),SH.XPD.CHEX.GD.ZS,..,1997
0,Burkina Faso,BFA,Current health expenditure (% of GDP),SH.XPD.CHEX.GD.ZS,..,1998
6,Benin,BEN,Current health expenditure (% of GDP),SH.XPD.CHEX.GD.ZS,..,1998
12,Cabo Verde,CPV,Current health expenditure (% of GDP),SH.XPD.CHEX.GD.ZS,..,1998
18,Cote d'Ivoire,CIV,Current health expenditure (% of GDP),SH.XPD.CHEX.GD.ZS,..,1998
24,"Gambia, The",GMB,Current health expenditure (% of GDP),SH.XPD.CHEX.GD.ZS,..,1998
30,Ghana,GHA,Current health expenditure (% of GDP),SH.XPD.CHEX.GD.ZS,..,1998
36,Guinea,GIN,Current health expenditure (% of GDP),SH.XPD.CHEX.GD.ZS,..,1998
42,Guinea-Bissau,GNB,Current health expenditure (% of GDP),SH.XPD.CHEX.GD.ZS,..,1998
48,Liberia,LBR,Current health expenditure (% of GDP),SH.XPD.CHEX.GD.ZS,..,1998
54,Mali,MLI,Current health expenditure (% of GDP),SH.XPD.CHEX.GD.ZS,..,1998
60,Niger,NER,Current health expenditure (% of GDP),SH.XPD.CHEX.GD.ZS,..,1998
66,Nigeria,NGA,Current health expenditure (% of GDP),SH.XPD.CHEX.GD.ZS,..,1998
72,Senegal,SEN,Current health expenditure (% of GDP),SH.XPD.CHEX.GD.ZS,..,1998
78,Sierra Leone,SLE,Current health expenditure (% of GDP),SH.XPD.CHEX.GD.ZS,..,1998
84,Togo,TGO,Current health expenditure (% of GDP),SH.XPD.CHEX.GD.ZS,..,1998
0,Burkina Faso,BFA,Current health expenditure (% of GDP),SH.XPD.CHEX.GD.ZS,..,1999
6,Benin,BEN,Current health expenditure (% of GDP),SH.XPD.CHEX.GD.ZS,..,1999
12,Cabo Verde,CPV,Current health expenditure (% of GDP),SH.XPD.CHEX.GD.ZS,..,1999
18,Cote d'Ivoire,CIV,Current health expenditure (% of GDP),SH.XPD.CHEX.GD.ZS,..,1999
24,"Gambia, The",GMB,Current health expenditure (% of GDP),SH.XPD.CHEX.GD.ZS,..,1999
30,Ghana,GHA,Current health expenditure (% of GDP),SH.XPD.CHEX.GD.ZS,..,1999
36,Guinea,GIN,Current health expenditure (% of GDP),SH.XPD.CHEX.GD.ZS,..,1999
42,Guinea-Bissau,GNB,Current health expenditure (% of GDP),SH.XPD.CHEX.GD.ZS,..,1999
48,Liberia,LBR,Current health expenditure (% of GDP),SH.XPD.CHEX.GD.ZS,..,1999
54,Mali,MLI,Current health expenditure (% of GDP),SH.XPD.CHEX.GD.ZS,..,1999
60,Niger,NER,Current health expenditure (% of GDP),SH.XPD.CHEX.GD.ZS,..,1999
66,Nigeria,NGA,Current health expenditure (% of GDP),SH.XPD.CHEX.GD.ZS,..,1999
72,Senegal,SEN,Current health expenditure (% of GDP),SH.XPD.CHEX.GD.ZS,..,1999
78,Sierra Leone,SLE,Current health expenditure (% of GDP),SH.XPD.CHEX.GD.ZS,..,1999
84,Togo,TGO,Current health expenditure (% of GDP),SH.XPD.CHEX.GD.ZS,..,1999
0,Burkina Faso,BFA,Current health expenditure (% of GDP),SH.XPD.CHEX.GD.ZS,2.9502635,2000
6,Benin,BEN,Current health expenditure (% of GDP),SH.XPD.CHEX.GD.ZS,3.10270309,2000
12,Cabo Verde,CPV,Current health expenditure (% of GDP),SH.XPD.CHEX.GD.ZS,4.43401194,2000
18,Cote d'Ivoire,CIV,Current health expenditure (% of GDP),SH.XPD.CHEX.GD.ZS,6.12684488,2000
24,"Gambia, The",GMB,Current health expenditure (% of GDP),SH.XPD.CHEX.GD.ZS,6.63892317,2000
30,Ghana,GHA,Current health expenditure (% of GDP),SH.XPD.CHEX.GD.ZS,2.79087734,2000
36,Guinea,GIN,Current health expenditure (% of GDP),SH.XPD.CHEX.GD.ZS,4.74567652,2000
42,Guinea-Bissau,GNB,Current health expenditure (% of GDP),SH.XPD.CHEX.GD.ZS,6.74484873,2000
48,Liberia,LBR,Current health expenditure (% of GDP),SH.XPD.CHEX.GD.ZS,4.29219103,2000
54,Mali,MLI,Current health expenditure (% of GDP),SH.XPD.CHEX.GD.ZS,5.46631575,2000
60,Niger,NER,Current health expenditure (% of GDP),SH.XPD.CHEX.GD.ZS,4.69006205,2000
66,Nigeria,NGA,Current health expenditure (% of GDP),SH.XPD.CHEX.GD.ZS,3.19738436,2000
72,Senegal,SEN,Current health expenditure (% of GDP),SH.XPD.CHEX.GD.ZS,3.53971124,2000
78,Sierra Leone,SLE,Current health expenditure (% of GDP),SH.XPD.CHEX.GD.ZS,11.51732922,2000
84,Togo,TGO,Current health expenditure (% of GDP),SH.XPD.CHEX.GD.ZS,2.79417205,2000
0,Burkina Faso,BFA,Current health expenditure (% of GDP),SH.XPD.CHEX.GD.ZS,2.88835382,2001
6,Benin,BEN,Current health expenditure (% of GDP),SH.XPD.CHEX.GD.ZS,3.24910021,2001
12,Cabo Verde,CPV,Current health expenditure (% of GDP),SH.XPD.CHEX.GD.ZS,4.75244379,2001
18,Cote d'Ivoire,CIV,Current health expenditure (% of GDP),SH.XPD.CHEX.GD.ZS,6.01772738,2001
24,"Gambia, The",GMB,Current health expenditure (% of GDP),SH.XPD.CHEX.GD.ZS,5.70734835,2001
30,Ghana,GHA,Current health expenditure (% of GDP),SH.XPD.CHEX.GD.ZS,3.17252946,2001
36,Guinea,GIN,Current health expenditure (% of GDP),SH.XPD.CHEX.GD.ZS,4.88881445,2001
42,Guinea-Bissau,GNB,Current health expenditure (% of GDP),SH.XPD.CHEX.GD.ZS,6.70832253,2001
48,Liberia,LBR,Current health expenditure (% of GDP),SH.XPD.CHEX.GD.ZS,3.49858928,2001
54,Mali,MLI,Current health expenditure (% of GDP),SH.XPD.CHEX.GD.ZS,4.51951408,2001
60,Niger,NER,Current health expenditure (% of GDP),SH.XPD.CHEX.GD.ZS,4.75814819,2001
66,Nigeria,NGA,Current health expenditure (% of GDP),SH.XPD.CHEX.GD.ZS,3.18946958,2001
72,Senegal,SEN,Current health expenditure (% of GDP),SH.XPD.CHEX.GD.ZS,3.67916536,2001
78,Sierra Leone,SLE,Current health expenditure (% of GDP),SH.XPD.CHEX.GD.ZS,10.97251225,2001
84,Togo,TGO,Current health expenditure (% of GDP),SH.XPD.CHEX.GD.ZS,2.88543582,2001
0,Burkina Faso,BFA,Current health expenditure (% of GDP),SH.XPD.CHEX.GD.ZS,2.97113252,2002
6,Benin,BEN,Current health expenditure (% of GDP),SH.XPD.CHEX.GD.ZS,3.04335403,2002
12,Cabo Verde,CPV,Current health expenditure (% of GDP),SH.XPD.CHEX.GD.ZS,4.7555151,2002
18,Cote d'Ivoire,CIV,Current health expenditure (% of GDP),SH.XPD.CHEX.GD.ZS,5.90390921,2002
24,"Gambia, The",GMB,Current health expenditure (% of GDP),SH.XPD.CHEX.GD.ZS,6.35030413,2002
30,Ghana,GHA,Current health expenditure (% of GDP),SH.XPD.CHEX.GD.ZS,2.8882091,2002
36,Guinea,GIN,Current health expenditure (% of GDP),SH.XPD.CHEX.GD.ZS,5.3613739,2002
42,Guinea-Bissau,GNB,Current health expenditure (% of GDP),SH.XPD.CHEX.GD.ZS,5.82295132,2002
48,Liberia,LBR,Current health expenditure (% of GDP),SH.XPD.CHEX.GD.ZS,2.89440227,2002
54,Mali,MLI,Current health expenditure (% of GDP),SH.XPD.CHEX.GD.ZS,4.99772739,2002
60,Niger,NER,Current health expenditure (% of GDP),SH.XPD.CHEX.GD.ZS,4.85896921,2002
66,Nigeria,NGA,Current health expenditure (% of GDP),SH.XPD.CHEX.GD.ZS,2.49064016,2002
72,Senegal,SEN,Current health expenditure (% of GDP),SH.XPD.CHEX.GD.ZS,3.95129871,2002
78,Sierra Leone,SLE,Current health expenditure (% of GDP),SH.XPD.CHEX.GD.ZS,11.42102432,2002
84,Togo,TGO,Current health expenditure (% of GDP),SH.XPD.CHEX.GD.ZS,2.90226316,2002
0,Burkina Faso,BFA,Current health expenditure (% of GDP),SH.XPD.CHEX.GD.ZS,3.14307165,2003
6,Benin,BEN,Current health expenditure (% of GDP),SH.XPD.CHEX.GD.ZS,3.0376544,2003
12,Cabo Verde,CPV,Current health expenditure (% of GDP),SH.XPD.CHEX.GD.ZS,4.50008631,2003
18,Cote d'Ivoire,CIV,Current health expenditure (% of GDP),SH.XPD.CHEX.GD.ZS,5.47977018,2003
24,"Gambia, The",GMB,Current health expenditure (% of GDP),SH.XPD.CHEX.GD.ZS,5.56995296,2003
30,Ghana,GHA,Current health expenditure (% of GDP),SH.XPD.CHEX.GD.ZS,2.83229733,2003
36,Guinea,GIN,Current health expenditure (% of GDP),SH.XPD.CHEX.GD.ZS,4.7780695,2003
42,Guinea-Bissau,GNB,Current health expenditure (% of GDP),SH.XPD.CHEX.GD.ZS,5.88066721,2003
48,Liberia,LBR,Current health expenditure (% of GDP),SH.XPD.CHEX.GD.ZS,3.65521455,2003
54,Mali,MLI,Current health expenditure (% of GDP),SH.XPD.CHEX.GD.ZS,5.05059528,2003
60,Niger,NER,Current health expenditure (% of GDP),SH.XPD.CHEX.GD.ZS,4.77954054,2003
66,Nigeria,NGA,Current health expenditure (% of GDP),SH.XPD.CHEX.GD.ZS,5.05360937,2003
72,Senegal,SEN,Current health expenditure (% of GDP),SH.XPD.CHEX.GD.ZS,4.29645395,2003
78,Sierra Leone,SLE,Current health expenditure (% of GDP),SH.XPD.CHEX.GD.ZS,10.82905197,2003
84,Togo,TGO,Current health expenditure (% of GDP),SH.XPD.CHEX.GD.ZS,2.93838358,2003
0,Burkina Faso,BFA,Current health expenditure (% of GDP),SH.XPD.CHEX.GD.ZS,4.21721363,2004
6,Benin,BEN,Current health expenditure (% of GDP),SH.XPD.CHEX.GD.ZS,3.0760572,2004
12,Cabo Verde,CPV,Current health expenditure (% of GDP),SH.XPD.CHEX.GD.ZS,4.37710667,2004
18,Cote d'Ivoire,CIV,Current health expenditure (% of GDP),SH.XPD.CHEX.GD.ZS,5.47520828,2004
24,"Gambia, The",GMB,Current health expenditure (% of GDP),SH.XPD.CHEX.GD.ZS,5.54182816,2004
30,Ghana,GHA,Current health expenditure (% of GDP),SH.XPD.CHEX.GD.ZS,2.77140665,2004
36,Guinea,GIN,Current health expenditure (% of GDP),SH.XPD.CHEX.GD.ZS,4.78209734,2004
42,Guinea-Bissau,GNB,Current health expenditure (% of GDP),SH.XPD.CHEX.GD.ZS,7.47920132,2004
48,Liberia,LBR,Current health expenditure (% of GDP),SH.XPD.CHEX.GD.ZS,9.17063904,2004
54,Mali,MLI,Current health expenditure (% of GDP),SH.XPD.CHEX.GD.ZS,5.21768284,2004
60,Niger,NER,Current health expenditure (% of GDP),SH.XPD.CHEX.GD.ZS,5.01117468,2004
66,Nigeria,NGA,Current health expenditure (% of GDP),SH.XPD.CHEX.GD.ZS,4.6336832,2004
72,Senegal,SEN,Current health expenditure (% of GDP),SH.XPD.CHEX.GD.ZS,4.56848049,2004
78,Sierra Leone,SLE,Current health expenditure (% of GDP),SH.XPD.CHEX.GD.ZS,10.96055317,2004
84,Togo,TGO,Current health expenditure (% of GDP),SH.XPD.CHEX.GD.ZS,3.08552408,2004
0,Burkina Faso,BFA,Current health expenditure (% of GDP),SH.XPD.CHEX.GD.ZS,3.95109105,2005
6,Benin,BEN,Current health expenditure (% of GDP),SH.XPD.CHEX.GD.ZS,2.93478322,2005
12,Cabo Verde,CPV,Current health expenditure (% of GDP),SH.XPD.CHEX.GD.ZS,4.27364111,2005
18,Cote d'Ivoire,CIV,Current health expenditure (% of GDP),SH.XPD.CHEX.GD.ZS,5.00643015,2005
24,"Gambia, The",GMB,Current health expenditure (% of GDP),SH.XPD.CHEX.GD.ZS,5.72842979,2005
30,Ghana,GHA,Current health expenditure (% of GDP),SH.XPD.CHEX.GD.ZS,3.64265633,2005
36,Guinea,GIN,Current health expenditure (% of GDP),SH.XPD.CHEX.GD.ZS,4.04247189,2005
42,Guinea-Bissau,GNB,Current health expenditure (% of GDP),SH.XPD.CHEX.GD.ZS,7.2509346,2005
48,Liberia,LBR,Current health expenditure (% of GDP),SH.XPD.CHEX.GD.ZS,9.68472099,2005
54,Mali,MLI,Current health expenditure (% of GDP),SH.XPD.CHEX.GD.ZS,5.19515705,2005
60,Niger,NER,Current health expenditure (% of GDP),SH.XPD.CHEX.GD.ZS,5.67636585,2005
66,Nigeria,NGA,Current health expenditure (% of GDP),SH.XPD.CHEX.GD.ZS,4.46591902,2005
72,Senegal,SEN,Current health expenditure (% of GDP),SH.XPD.CHEX.GD.ZS,3.67466164,2005
78,Sierra Leone,SLE,Current health expenditure (% of GDP),SH.XPD.CHEX.GD.ZS,11.03772926,2005
84,Togo,TGO,Current health expenditure (% of GDP),SH.XPD.CHEX.GD.ZS,3.30243444,2005
0,Burkina Faso,BFA,Current health expenditure (% of GDP),SH.XPD.CHEX.GD.ZS,4.51446247,2006
6,Benin,BEN,Current health expenditure (% of GDP),SH.XPD.CHEX.GD.ZS,2.97331023,2006
12,Cabo Verde,CPV,Current health expenditure (% of GDP),SH.XPD.CHEX.GD.ZS,4.48974991,2006
18,Cote d'Ivoire,CIV,Current health expenditure (% of GDP),SH.XPD.CHEX.GD.ZS,4.76330471,2006
24,"Gambia, The",GMB,Current health expenditure (% of GDP),SH.XPD.CHEX.GD.ZS,6.19758415,2006
30,Ghana,GHA,Current health expenditure (% of GDP),SH.XPD.CHEX.GD.ZS,3.68296194,2006
36,Guinea,GIN,Current health expenditure (% of GDP),SH.XPD.CHEX.GD.ZS,3.61069894,2006
42,Guinea-Bissau,GNB,Current health expenditure (% of GDP),SH.XPD.CHEX.GD.ZS,7.28979492,2006
48,Liberia,LBR,Current health expenditure (% of GDP),SH.XPD.CHEX.GD.ZS,8.4906292,2006
54,Mali,MLI,Current health expenditure (% of GDP),SH.XPD.CHEX.GD.ZS,5.45588827,2006
60,Niger,NER,Current health expenditure (% of GDP),SH.XPD.CHEX.GD.ZS,5.80891418,2006
66,Nigeria,NGA,Current health expenditure (% of GDP),SH.XPD.CHEX.GD.ZS,4.25775146,2006
72,Senegal,SEN,Current health expenditure (% of GDP),SH.XPD.CHEX.GD.ZS,3.76337719,2006
78,Sierra Leone,SLE,Current health expenditure (% of GDP),SH.XPD.CHEX.GD.ZS,10.39398956,2006
84,Togo,TGO,Current health expenditure (% of GDP),SH.XPD.CHEX.GD.ZS,3.44604039,2006
0,Burkina Faso,BFA,Current health expenditure (% of GDP),SH.XPD.CHEX.GD.ZS,5.23372936,2007
6,Benin,BEN,Current health expenditure (% of GDP),SH.XPD.CHEX.GD.ZS,2.8938241,2007
12,Cabo Verde,CPV,Current health expenditure (% of GDP),SH.XPD.CHEX.GD.ZS,4.18900156,2007
18,Cote d'Ivoire,CIV,Current health expenditure (% of GDP),SH.XPD.CHEX.GD.ZS,4.55253553,2007
24,"Gambia, The",GMB,Current health expenditure (% of GDP),SH.XPD.CHEX.GD.ZS,5.67628479,2007
30,Ghana,GHA,Current health expenditure (% of GDP),SH.XPD.CHEX.GD.ZS,3.81368589,2007
36,Guinea,GIN,Current health expenditure (% of GDP),SH.XPD.CHEX.GD.ZS,3.43232441,2007
42,Guinea-Bissau,GNB,Current health expenditure (% of GDP),SH.XPD.CHEX.GD.ZS,7.2952776,2007
48,Liberia,LBR,Current health expenditure (% of GDP),SH.XPD.CHEX.GD.ZS,10.79883385,2007
54,Mali,MLI,Current health expenditure (% of GDP),SH.XPD.CHEX.GD.ZS,5.25303316,2007
60,Niger,NER,Current health expenditure (% of GDP),SH.XPD.CHEX.GD.ZS,5.38838816,2007
66,Nigeria,NGA,Current health expenditure (% of GDP),SH.XPD.CHEX.GD.ZS,3.90997314,2007
72,Senegal,SEN,Current health expenditure (% of GDP),SH.XPD.CHEX.GD.ZS,3.41496325,2007
78,Sierra Leone,SLE,Current health expenditure (% of GDP),SH.XPD.CHEX.GD.ZS,10.03516197,2007
84,Togo,TGO,Current health expenditure (% of GDP),SH.XPD.CHEX.GD.ZS,3.86664653,2007
0,Burkina Faso,BFA,Current health expenditure (% of GDP),SH.XPD.CHEX.GD.ZS,4.64780807,2008
6,Benin,BEN,Current health expenditure (% of GDP),SH.XPD.CHEX.GD.ZS,2.69675088,2008
12,Cabo Verde,CPV,Current health expenditure (% of GDP),SH.XPD.CHEX.GD.ZS,3.58312869,2008
18,Cote d'Ivoire,CIV,Current health expenditure (% of GDP),SH.XPD.CHEX.GD.ZS,4.56873417,2008
24,"Gambia, The",GMB,Current health expenditure (% of GDP),SH.XPD.CHEX.GD.ZS,5.46723223,2008
30,Ghana,GHA,Current health expenditure (% of GDP),SH.XPD.CHEX.GD.ZS,3.89917445,2008
36,Guinea,GIN,Current health expenditure (% of GDP),SH.XPD.CHEX.GD.ZS,3.26223779,2008
42,Guinea-Bissau,GNB,Current health expenditure (% of GDP),SH.XPD.CHEX.GD.ZS,7.04291964,2008
48,Liberia,LBR,Current health expenditure (% of GDP),SH.XPD.CHEX.GD.ZS,9.01321793,2008
54,Mali,MLI,Current health expenditure (% of GDP),SH.XPD.CHEX.GD.ZS,5.04372358,2008
60,Niger,NER,Current health expenditure (% of GDP),SH.XPD.CHEX.GD.ZS,5.22303343,2008
66,Nigeria,NGA,Current health expenditure (% of GDP),SH.XPD.CHEX.GD.ZS,3.6958158,2008
72,Senegal,SEN,Current health expenditure (% of GDP),SH.XPD.CHEX.GD.ZS,3.50687575,2008
78,Sierra Leone,SLE,Current health expenditure (% of GDP),SH.XPD.CHEX.GD.ZS,9.87387085,2008
84,Togo,TGO,Current health expenditure (% of GDP),SH.XPD.CHEX.GD.ZS,3.84063792,2008
0,Burkina Faso,BFA,Current health expenditure (% of GDP),SH.XPD.CHEX.GD.ZS,5.08159304,2009
6,Benin,BEN,Current health expenditure (% of GDP),SH.XPD.CHEX.GD.ZS,2.82528329,2009
12,Cabo Verde,CPV,Current health expenditure (% of GDP),SH.XPD.CHEX.GD.ZS,3.88152456,2009
18,Cote d'Ivoire,CIV,Current health expenditure (% of GDP),SH.XPD.CHEX.GD.ZS,4.46970177,2009
24,"Gambia, The",GMB,Current health expenditure (% of GDP),SH.XPD.CHEX.GD.ZS,5.18213415,2009
30,Ghana,GHA,Current health expenditure (% of GDP),SH.XPD.CHEX.GD.ZS,4.42220068,2009
36,Guinea,GIN,Current health expenditure (% of GDP),SH.XPD.CHEX.GD.ZS,3.57716823,2009
42,Guinea-Bissau,GNB,Current health expenditure (% of GDP),SH.XPD.CHEX.GD.ZS,6.94844484,2009
48,Liberia,LBR,Current health expenditure (% of GDP),SH.XPD.CHEX.GD.ZS,9.40705395,2009
54,Mali,MLI,Current health expenditure (% of GDP),SH.XPD.CHEX.GD.ZS,5.22657919,2009
60,Niger,NER,Current health expenditure (% of GDP),SH.XPD.CHEX.GD.ZS,5.33016539,2009
66,Nigeria,NGA,Current health expenditure (% of GDP),SH.XPD.CHEX.GD.ZS,3.58019733,2009
72,Senegal,SEN,Current health expenditure (% of GDP),SH.XPD.CHEX.GD.ZS,3.84157085,2009
78,Sierra Leone,SLE,Current health expenditure (% of GDP),SH.XPD.CHEX.GD.ZS,11.09847832,2009
84,Togo,TGO,Current health expenditure (% of GDP),SH.XPD.CHEX.GD.ZS,4.07617235,2009
0,Burkina Faso,BFA,Current health expenditure (% of GDP),SH.XPD.CHEX.GD.ZS,5.2395854,2010
6,Benin,BEN,Current health expenditure (% of GDP),SH.XPD.CHEX.GD.ZS,2.99710441,2010
12,Cabo Verde,CPV,Current health expenditure (% of GDP),SH.XPD.CHEX.GD.ZS,4.47555733,2010
18,Cote d'Ivoire,CIV,Current health expenditure (% of GDP),SH.XPD.CHEX.GD.ZS,4.41580963,2010
24,"Gambia, The",GMB,Current health expenditure (% of GDP),SH.XPD.CHEX.GD.ZS,5.08982468,2010
30,Ghana,GHA,Current health expenditure (% of GDP),SH.XPD.CHEX.GD.ZS,4.25117254,2010
36,Guinea,GIN,Current health expenditure (% of GDP),SH.XPD.CHEX.GD.ZS,3.42734981,2010
42,Guinea-Bissau,GNB,Current health expenditure (% of GDP),SH.XPD.CHEX.GD.ZS,6.2611661,2010
48,Liberia,LBR,Current health expenditure (% of GDP),SH.XPD.CHEX.GD.ZS,8.94644737,2010
54,Mali,MLI,Current health expenditure (% of GDP),SH.XPD.CHEX.GD.ZS,4.67865038,2010
60,Niger,NER,Current health expenditure (% of GDP),SH.XPD.CHEX.GD.ZS,5.02160501,2010
66,Nigeria,NGA,Current health expenditure (% of GDP),SH.XPD.CHEX.GD.ZS,3.29653287,2010
72,Senegal,SEN,Current health expenditure (% of GDP),SH.XPD.CHEX.GD.ZS,4.02764177,2010
78,Sierra Leone,SLE,Current health expenditure (% of GDP),SH.XPD.CHEX.GD.ZS,10.94338036,2010
84,Togo,TGO,Current health expenditure (% of GDP),SH.XPD.CHEX.GD.ZS,4.45492935,2010
0,Burkina Faso,BFA,Current health expenditure (% of GDP),SH.XPD.CHEX.GD.ZS,4.6486845,2011
6,Benin,BEN,Current health expenditure (% of GDP),SH.XPD.CHEX.GD.ZS,3.09628272,2011
12,Cabo Verde,CPV,Current health expenditure (% of GDP),SH.XPD.CHEX.GD.ZS,4.30527449,2011
18,Cote d'Ivoire,CIV,Current health expenditure (% of GDP),SH.XPD.CHEX.GD.ZS,4.39704227,2011
24,"Gambia, The",GMB,Current health expenditure (% of GDP),SH.XPD.CHEX.GD.ZS,5.49951601,2011
30,Ghana,GHA,Current health expenditure (% of GDP),SH.XPD.CHEX.GD.ZS,4.71008253,2011
36,Guinea,GIN,Current health expenditure (% of GDP),SH.XPD.CHEX.GD.ZS,3.78955078,2011
42,Guinea-Bissau,GNB,Current health expenditure (% of GDP),SH.XPD.CHEX.GD.ZS,6.21634817,2011
48,Liberia,LBR,Current health expenditure (% of GDP),SH.XPD.CHEX.GD.ZS,9.4238615,2011
54,Mali,MLI,Current health expenditure (% of GDP),SH.XPD.CHEX.GD.ZS,4.01483822,2011
60,Niger,NER,Current health expenditure (% of GDP),SH.XPD.CHEX.GD.ZS,4.87324095,2011
66,Nigeria,NGA,Current health expenditure (% of GDP),SH.XPD.CHEX.GD.ZS,3.32077932,2011
72,Senegal,SEN,Current health expenditure (% of GDP),SH.XPD.CHEX.GD.ZS,4.21416569,2011
78,Sierra Leone,SLE,Current health expenditure (% of GDP),SH.XPD.CHEX.GD.ZS,13.28134346,2011
84,Togo,TGO,Current health expenditure (% of GDP),SH.XPD.CHEX.GD.ZS,4.55412006,2011
0,Burkina Faso,BFA,Current health expenditure (% of GDP),SH.XPD.CHEX.GD.ZS,4.60266972,2012
6,Benin,BEN,Current health expenditure (% of GDP),SH.XPD.CHEX.GD.ZS,3.41449857,2012
12,Cabo Verde,CPV,Current health expenditure (% of GDP),SH.XPD.CHEX.GD.ZS,5.13365459,2012
18,Cote d'Ivoire,CIV,Current health expenditure (% of GDP),SH.XPD.CHEX.GD.ZS,4.42740583,2012
24,"Gambia, The",GMB,Current health expenditure (% of GDP),SH.XPD.CHEX.GD.ZS,5.1643424,2012
30,Ghana,GHA,Current health expenditure (% of GDP),SH.XPD.CHEX.GD.ZS,4.03214407,2012
36,Guinea,GIN,Current health expenditure (% of GDP),SH.XPD.CHEX.GD.ZS,3.50398302,2012
42,Guinea-Bissau,GNB,Current health expenditure (% of GDP),SH.XPD.CHEX.GD.ZS,5.94403839,2012
48,Liberia,LBR,Current health expenditure (% of GDP),SH.XPD.CHEX.GD.ZS,8.7670517,2012
54,Mali,MLI,Current health expenditure (% of GDP),SH.XPD.CHEX.GD.ZS,3.7521615,2012
60,Niger,NER,Current health expenditure (% of GDP),SH.XPD.CHEX.GD.ZS,4.30732203,2012
66,Nigeria,NGA,Current health expenditure (% of GDP),SH.XPD.CHEX.GD.ZS,3.35984278,2012
72,Senegal,SEN,Current health expenditure (% of GDP),SH.XPD.CHEX.GD.ZS,4.26687956,2012
78,Sierra Leone,SLE,Current health expenditure (% of GDP),SH.XPD.CHEX.GD.ZS,10.59041977,2012
84,Togo,TGO,Current health expenditure (% of GDP),SH.XPD.CHEX.GD.ZS,4.80786562,2012
0,Burkina Faso,BFA,Current health expenditure (% of GDP),SH.XPD.CHEX.GD.ZS,5.56331158,2013
6,Benin,BEN,Current health expenditure (% of GDP),SH.XPD.CHEX.GD.ZS,2.85861206,2013
12,Cabo Verde,CPV,Current health expenditure (% of GDP),SH.XPD.CHEX.GD.ZS,5.28994226,2013
18,Cote d'Ivoire,CIV,Current health expenditure (% of GDP),SH.XPD.CHEX.GD.ZS,3.71776819,2013
24,"Gambia, The",GMB,Current health expenditure (% of GDP),SH.XPD.CHEX.GD.ZS,3.91374874,2013
30,Ghana,GHA,Current health expenditure (% of GDP),SH.XPD.CHEX.GD.ZS,4.62300539,2013
36,Guinea,GIN,Current health expenditure (% of GDP),SH.XPD.CHEX.GD.ZS,3.46079683,2013
42,Guinea-Bissau,GNB,Current health expenditure (% of GDP),SH.XPD.CHEX.GD.ZS,7.03947115,2013
48,Liberia,LBR,Current health expenditure (% of GDP),SH.XPD.CHEX.GD.ZS,8.28010082,2013
54,Mali,MLI,Current health expenditure (% of GDP),SH.XPD.CHEX.GD.ZS,3.96750712,2013
60,Niger,NER,Current health expenditure (% of GDP),SH.XPD.CHEX.GD.ZS,4.46635866,2013
66,Nigeria,NGA,Current health expenditure (% of GDP),SH.XPD.CHEX.GD.ZS,3.42069316,2013
72,Senegal,SEN,Current health expenditure (% of GDP),SH.XPD.CHEX.GD.ZS,4.38575172,2013
78,Sierra Leone,SLE,Current health expenditure (% of GDP),SH.XPD.CHEX.GD.ZS,11.56772041,2013
84,Togo,TGO,Current health expenditure (% of GDP),SH.XPD.CHEX.GD.ZS,4.94373512,2013
0,Burkina Faso,BFA,Current health expenditure (% of GDP),SH.XPD.CHEX.GD.ZS,5.00026941,2014
6,Benin,BEN,Current health expenditure (% of GDP),SH.XPD.CHEX.GD.ZS,2.66743827,2014
12,Cabo Verde,CPV,Current health expenditure (% of GDP),SH.XPD.CHEX.GD.ZS,5.32722235,2014
18,Cote d'Ivoire,CIV,Current health expenditure (% of GDP),SH.XPD.CHEX.GD.ZS,3.73104811,2014
24,"Gambia, The",GMB,Current health expenditure (% of GDP),SH.XPD.CHEX.GD.ZS,4.451684,2014
30,Ghana,GHA,Current health expenditure (% of GDP),SH.XPD.CHEX.GD.ZS,4.10044813,2014
36,Guinea,GIN,Current health expenditure (% of GDP),SH.XPD.CHEX.GD.ZS,4.78097677,2014
42,Guinea-Bissau,GNB,Current health expenditure (% of GDP),SH.XPD.CHEX.GD.ZS,9.96897316,2014
48,Liberia,LBR,Current health expenditure (% of GDP),SH.XPD.CHEX.GD.ZS,9.20679283,2014
54,Mali,MLI,Current health expenditure (% of GDP),SH.XPD.CHEX.GD.ZS,4.48156309,2014
60,Niger,NER,Current health expenditure (% of GDP),SH.XPD.CHEX.GD.ZS,4.45376825,2014
66,Nigeria,NGA,Current health expenditure (% of GDP),SH.XPD.CHEX.GD.ZS,3.34840369,2014
72,Senegal,SEN,Current health expenditure (% of GDP),SH.XPD.CHEX.GD.ZS,4.39605808,2014
78,Sierra Leone,SLE,Current health expenditure (% of GDP),SH.XPD.CHEX.GD.ZS,19.72741699,2014
84,Togo,TGO,Current health expenditure (% of GDP),SH.XPD.CHEX.GD.ZS,5.07536507,2014
0,Burkina Faso,BFA,Current health expenditure (% of GDP),SH.XPD.CHEX.GD.ZS,5.13192463,2015
6,Benin,BEN,Current health expenditure (% of GDP),SH.XPD.CHEX.GD.ZS,2.90741682,2015
12,Cabo Verde,CPV,Current health expenditure (% of GDP),SH.XPD.CHEX.GD.ZS,4.8200655,2015
18,Cote d'Ivoire,CIV,Current health expenditure (% of GDP),SH.XPD.CHEX.GD.ZS,3.21990895,2015
24,"Gambia, The",GMB,Current health expenditure (% of GDP),SH.XPD.CHEX.GD.ZS,3.17612934,2015
30,Ghana,GHA,Current health expenditure (% of GDP),SH.XPD.CHEX.GD.ZS,4.62171459,2015
36,Guinea,GIN,Current health expenditure (% of GDP),SH.XPD.CHEX.GD.ZS,5.80920601,2015
42,Guinea-Bissau,GNB,Current health expenditure (% of GDP),SH.XPD.CHEX.GD.ZS,8.13228226,2015
48,Liberia,LBR,Current health expenditure (% of GDP),SH.XPD.CHEX.GD.ZS,10.63758373,2015
54,Mali,MLI,Current health expenditure (% of GDP),SH.XPD.CHEX.GD.ZS,4.11143351,2015
60,Niger,NER,Current health expenditure (% of GDP),SH.XPD.CHEX.GD.ZS,5.34746218,2015
66,Nigeria,NGA,Current health expenditure (% of GDP),SH.XPD.CHEX.GD.ZS,3.58194971,2015
72,Senegal,SEN,Current health expenditure (% of GDP),SH.XPD.CHEX.GD.ZS,4.38257313,2015
78,Sierra Leone,SLE,Current health expenditure (% of GDP),SH.XPD.CHEX.GD.ZS,20.413414,2015
84,Togo,TGO,Current health expenditure (% of GDP),SH.XPD.CHEX.GD.ZS,4.9564662,2015
0,Burkina Faso,BFA,Current health expenditure (% of GDP),SH.XPD.CHEX.GD.ZS,5.95963097,2016
6,Benin,BEN,Current health expenditure (% of GDP),SH.XPD.CHEX.GD.ZS,2.73950028,2016
12,Cabo Verde,CPV,Current health expenditure (% of GDP),SH.XPD.CHEX.GD.ZS,4.84664345,2016
18,Cote d'Ivoire,CIV,Current health expenditure (% of GDP),SH.XPD.CHEX.GD.ZS,3.35172296,2016
24,"Gambia, The",GMB,Current health expenditure (% of GDP),SH.XPD.CHEX.GD.ZS,3.68266177,2016
30,Ghana,GHA,Current health expenditure (% of GDP),SH.XPD.CHEX.GD.ZS,3.46157742,2016
36,Guinea,GIN,Current health expenditure (% of GDP),SH.XPD.CHEX.GD.ZS,5.39708233,2016
42,Guinea-Bissau,GNB,Current health expenditure (% of GDP),SH.XPD.CHEX.GD.ZS,8.32881451,2016
48,Liberia,LBR,Current health expenditure (% of GDP),SH.XPD.CHEX.GD.ZS,9.85343266,2016
54,Mali,MLI,Current health expenditure (% of GDP),SH.XPD.CHEX.GD.ZS,3.77377391,2016
60,Niger,NER,Current health expenditure (% of GDP),SH.XPD.CHEX.GD.ZS,4.53239059,2016
66,Nigeria,NGA,Current health expenditure (% of GDP),SH.XPD.CHEX.GD.ZS,3.64773679,2016
72,Senegal,SEN,Current health expenditure (% of GDP),SH.XPD.CHEX.GD.ZS,4.26078129,2016
78,Sierra Leone,SLE,Current health expenditure (% of GDP),SH.XPD.CHEX.GD.ZS,16.5259552,2016
84,Togo,TGO,Current health expenditure (% of GDP),SH.XPD.CHEX.GD.ZS,5.35245514,2016
0,Burkina Faso,BFA,Current health expenditure (% of GDP),SH.XPD.CHEX.GD.ZS,6.02940798,2017
6,Benin,BEN,Current health expenditure (% of GDP),SH.XPD.CHEX.GD.ZS,2.61910868,2017
12,Cabo Verde,CPV,Current health expenditure (% of GDP),SH.XPD.CHEX.GD.ZS,5.27825785,2017
18,Cote d'Ivoire,CIV,Current health expenditure (% of GDP),SH.XPD.CHEX.GD.ZS,3.30509853,2017
24,"Gambia, The",GMB,Current health expenditure (% of GDP),SH.XPD.CHEX.GD.ZS,4.14472675,2017
30,Ghana,GHA,Current health expenditure (% of GDP),SH.XPD.CHEX.GD.ZS,3.35796332,2017
36,Guinea,GIN,Current health expenditure (% of GDP),SH.XPD.CHEX.GD.ZS,3.91060591,2017
42,Guinea-Bissau,GNB,Current health expenditure (% of GDP),SH.XPD.CHEX.GD.ZS,7.00049543,2017
48,Liberia,LBR,Current health expenditure (% of GDP),SH.XPD.CHEX.GD.ZS,9.09297276,2017
54,Mali,MLI,Current health expenditure (% of GDP),SH.XPD.CHEX.GD.ZS,3.67425632,2017
60,Niger,NER,Current health expenditure (% of GDP),SH.XPD.CHEX.GD.ZS,5.57411432,2017
66,Nigeria,NGA,Current health expenditure (% of GDP),SH.XPD.CHEX.GD.ZS,3.75336528,2017
72,Senegal,SEN,Current health expenditure (% of GDP),SH.XPD.CHEX.GD.ZS,3.99707484,2017
78,Sierra Leone,SLE,Current health expenditure (% of GDP),SH.XPD.CHEX.GD.ZS,9.39976025,2017
84,Togo,TGO,Current health expenditure (% of GDP),SH.XPD.CHEX.GD.ZS,6.49387741,2017
0,Burkina Faso,BFA,Current health expenditure (% of GDP),SH.XPD.CHEX.GD.ZS,4.90988731,2018
6,Benin,BEN,Current health expenditure (% of GDP),SH.XPD.CHEX.GD.ZS,2.50416446,2018
12,Cabo Verde,CPV,Current health expenditure (% of GDP),SH.XPD.CHEX.GD.ZS,5.26637983,2018
18,Cote d'Ivoire,CIV,Current health expenditure (% of GDP),SH.XPD.CHEX.GD.ZS,3.11891103,2018
24,"Gambia, The",GMB,Current health expenditure (% of GDP),SH.XPD.CHEX.GD.ZS,4.8878727,2018
30,Ghana,GHA,Current health expenditure (% of GDP),SH.XPD.CHEX.GD.ZS,3.48865867,2018
36,Guinea,GIN,Current health expenditure (% of GDP),SH.XPD.CHEX.GD.ZS,3.63913226,2018
42,Guinea-Bissau,GNB,Current health expenditure (% of GDP),SH.XPD.CHEX.GD.ZS,7.62560892,2018
48,Liberia,LBR,Current health expenditure (% of GDP),SH.XPD.CHEX.GD.ZS,9.03880787,2018
54,Mali,MLI,Current health expenditure (% of GDP),SH.XPD.CHEX.GD.ZS,3.73249865,2018
60,Niger,NER,Current health expenditure (% of GDP),SH.XPD.CHEX.GD.ZS,5.28845072,2018
66,Nigeria,NGA,Current health expenditure (% of GDP),SH.XPD.CHEX.GD.ZS,3.09069371,2018
72,Senegal,SEN,Current health expenditure (% of GDP),SH.XPD.CHEX.GD.ZS,4.23825741,2018
78,Sierra Leone,SLE,Current health expenditure (% of GDP),SH.XPD.CHEX.GD.ZS,8.28987408,2018
84,Togo,TGO,Current health expenditure (% of GDP),SH.XPD.CHEX.GD.ZS,6.08747768,2018
0,Burkina Faso,BFA,Current health expenditure (% of GDP),SH.XPD.CHEX.GD.ZS,5.46494246,2019
6,Benin,BEN,Current health expenditure (% of GDP),SH.XPD.CHEX.GD.ZS,2.38842916,2019
12,Cabo Verde,CPV,Current health expenditure (% of GDP),SH.XPD.CHEX.GD.ZS,4.93621731,2019
18,Cote d'Ivoire,CIV,Current health expenditure (% of GDP),SH.XPD.CHEX.GD.ZS,3.29862952,2019
24,"Gambia, The",GMB,Current health expenditure (% of GDP),SH.XPD.CHEX.GD.ZS,3.82171082,2019
30,Ghana,GHA,Current health expenditure (% of GDP),SH.XPD.CHEX.GD.ZS,3.41858864,2019
36,Guinea,GIN,Current health expenditure (% of GDP),SH.XPD.CHEX.GD.ZS,3.98389959,2019
42,Guinea-Bissau,GNB,Current health expenditure (% of GDP),SH.XPD.CHEX.GD.ZS,8.34976101,2019
48,Liberia,LBR,Current health expenditure (% of GDP),SH.XPD.CHEX.GD.ZS,8.47005749,2019
54,Mali,MLI,Current health expenditure (% of GDP),SH.XPD.CHEX.GD.ZS,3.89389849,2019
60,Niger,NER,Current health expenditure (% of GDP),SH.XPD.CHEX.GD.ZS,5.6686306,2019
66,Nigeria,NGA,Current health expenditure (% of GDP),SH.XPD.CHEX.GD.ZS,3.02666044,2019
72,Senegal,SEN,Current health expenditure (% of GDP),SH.XPD.CHEX.GD.ZS,4.13226938,2019
78,Sierra Leone,SLE,Current health expenditure (% of GDP),SH.XPD.CHEX.GD.ZS,8.74976635,2019
84,Togo,TGO,Current health expenditure (% of GDP),SH.XPD.CHEX.GD.ZS,5.72606897,2019
0,Burkina Faso,BFA,Current health expenditure (% of GDP),SH.XPD.CHEX.GD.ZS,..,2020
6,Benin,BEN,Current health expenditure (% of GDP),SH.XPD.CHEX.GD.ZS,..,2020
12,Cabo Verde,CPV,Current health expenditure (% of GDP),SH.XPD.CHEX.GD.ZS,..,2020
18,Cote d'Ivoire,CIV,Current health expenditure (% of GDP),SH.XPD.CHEX.GD.ZS,..,2020
24,"Gambia, The",GMB,Current health expenditure (% of GDP),SH.XPD.CHEX.GD.ZS,..,2020
30,Ghana,GHA,Current health expenditure (% of GDP),SH.XPD.CHEX.GD.ZS,..,2020
36,Guinea,GIN,Current health expenditure (% of GDP),SH.XPD.CHEX.GD.ZS,..,2020
42,Guinea-Bissau,GNB,Current health expenditure (% of GDP),SH.XPD.CHEX.GD.ZS,..,2020
48,Liberia,LBR,Current health expenditure (% of GDP),SH.XPD.CHEX.GD.ZS,..,2020
54,Mali,MLI,Current health expenditure (% of GDP),SH.XPD.CHEX.GD.ZS,..,2020
60,Niger,NER,Current health expenditure (% of GDP),SH.XPD.CHEX.GD.ZS,..,2020
66,Nigeria,NGA,Current health expenditure (% of GDP),SH.XPD.CHEX.GD.ZS,..,2020
72,Senegal,SEN,Current health expenditure (% of GDP),SH.XPD.CHEX.GD.ZS,..,2020
78,Sierra Leone,SLE,Current health expenditure (% of GDP),SH.XPD.CHEX.GD.ZS,..,2020
84,Togo,TGO,Current health expenditure (% of GDP),SH.XPD.CHEX.GD.ZS,..,2020
