,Country Name,Country Code,Series Name,Series Code,Population density (people per sq. km of land),Year
4,Burkina Faso,BFA,Population density (people per sq. km of land area),EN.POP.DNST,21.2908406432749,1972
10,Benin,BEN,Population density (people per sq. km of land area),EN.POP.DNST,26.9915129478538,1972
16,Cabo Verde,CPV,Population density (people per sq. km of land area),EN.POP.DNST,67.4543424317618,1972
22,Cote d'Ivoire,CIV,Population density (people per sq. km of land area),EN.POP.DNST,17.5346729559748,1972
28,"Gambia, The",GMB,Population density (people per sq. km of land area),EN.POP.DNST,48.6584980237154,1972
34,Ghana,GHA,Population density (people per sq. km of land area),EN.POP.DNST,40.5627142480443,1972
40,Guinea,GIN,Population density (people per sq. km of land area),EN.POP.DNST,17.4611102067394,1972
46,Guinea-Bissau,GNB,Population density (people per sq. km of land area),EN.POP.DNST,26.0496443812233,1972
52,Liberia,LBR,Population density (people per sq. km of land area),EN.POP.DNST,15.3090427740864,1972
58,Mali,MLI,Population density (people per sq. km of land area),EN.POP.DNST,5.03812029274129,1972
64,Niger,NER,Population density (people per sq. km of land area),EN.POP.DNST,3.76428909765532,1972
70,Nigeria,NGA,Population density (people per sq. km of land area),EN.POP.DNST,64.4134227082579,1972
76,Senegal,SEN,Population density (people per sq. km of land area),EN.POP.DNST,23.4918506206825,1972
82,Sierra Leone,SLE,Population density (people per sq. km of land area),EN.POP.DNST,39.5520365752286,1972
88,Togo,TGO,Population density (people per sq. km of land area),EN.POP.DNST,41.3233682662254,1972
4,Burkina Faso,BFA,Population density (people per sq. km of land area),EN.POP.DNST,21.6757785087719,1973
10,Benin,BEN,Population density (people per sq. km of land area),EN.POP.DNST,27.613346931536,1973
16,Cabo Verde,CPV,Population density (people per sq. km of land area),EN.POP.DNST,67.2625310173697,1973
22,Cote d'Ivoire,CIV,Population density (people per sq. km of land area),EN.POP.DNST,18.3695377358491,1973
28,"Gambia, The",GMB,Population density (people per sq. km of land area),EN.POP.DNST,50.1411067193676,1973
34,Ghana,GHA,Population density (people per sq. km of land area),EN.POP.DNST,41.7225630658346,1973
40,Guinea,GIN,Population density (people per sq. km of land area),EN.POP.DNST,17.7330172554127,1973
46,Guinea-Bissau,GNB,Population density (people per sq. km of land area),EN.POP.DNST,26.5354907539118,1973
52,Liberia,LBR,Population density (people per sq. km of land area),EN.POP.DNST,15.7222176079734,1973
58,Mali,MLI,Population density (people per sq. km of land area),EN.POP.DNST,5.12722690728493,1973
64,Niger,NER,Population density (people per sq. km of land area),EN.POP.DNST,3.870017367964,1973
70,Nigeria,NGA,Population density (people per sq. km of land area),EN.POP.DNST,66.0041668039132,1973
76,Senegal,SEN,Population density (people per sq. km of land area),EN.POP.DNST,24.2077909936114,1973
82,Sierra Leone,SLE,Population density (people per sq. km of land area),EN.POP.DNST,40.3622471598781,1973
88,Togo,TGO,Population density (people per sq. km of land area),EN.POP.DNST,42.3486670343813,1973
4,Burkina Faso,BFA,Population density (people per sq. km of land area),EN.POP.DNST,22.0761878654971,1974
10,Benin,BEN,Population density (people per sq. km of land area),EN.POP.DNST,28.2672312876907,1974
16,Cabo Verde,CPV,Population density (people per sq. km of land area),EN.POP.DNST,67.054094292804,1974
22,Cote d'Ivoire,CIV,Population density (people per sq. km of land area),EN.POP.DNST,19.249355345912,1974
28,"Gambia, The",GMB,Population density (people per sq. km of land area),EN.POP.DNST,51.7045454545455,1974
34,Ghana,GHA,Population density (people per sq. km of land area),EN.POP.DNST,42.8456447218072,1974
40,Guinea,GIN,Population density (people per sq. km of land area),EN.POP.DNST,18.0043545498942,1974
46,Guinea-Bissau,GNB,Population density (people per sq. km of land area),EN.POP.DNST,26.9440967283073,1974
52,Liberia,LBR,Population density (people per sq. km of land area),EN.POP.DNST,16.1574750830565,1974
58,Mali,MLI,Population density (people per sq. km of land area),EN.POP.DNST,5.21914292036486,1974
64,Niger,NER,Population density (people per sq. km of land area),EN.POP.DNST,3.97947027709797,1974
70,Nigeria,NGA,Population density (people per sq. km of land area),EN.POP.DNST,67.7198052197591,1974
76,Senegal,SEN,Population density (people per sq. km of land area),EN.POP.DNST,24.9165740404093,1974
82,Sierra Leone,SLE,Population density (people per sq. km of land area),EN.POP.DNST,41.2040038791909,1974
88,Togo,TGO,Population density (people per sq. km of land area),EN.POP.DNST,43.3281853281853,1974
4,Burkina Faso,BFA,Population density (people per sq. km of land area),EN.POP.DNST,22.4947149122807,1975
10,Benin,BEN,Population density (people per sq. km of land area),EN.POP.DNST,28.9567843206811,1975
16,Cabo Verde,CPV,Population density (people per sq. km of land area),EN.POP.DNST,67.0570719602978,1975
22,Cote d'Ivoire,CIV,Population density (people per sq. km of land area),EN.POP.DNST,20.1648081761006,1975
28,"Gambia, The",GMB,Population density (people per sq. km of land area),EN.POP.DNST,53.3582015810277,1975
34,Ghana,GHA,Population density (people per sq. km of land area),EN.POP.DNST,43.8865518150655,1975
40,Guinea,GIN,Population density (people per sq. km of land area),EN.POP.DNST,18.2779098160508,1975
46,Guinea-Bissau,GNB,Population density (people per sq. km of land area),EN.POP.DNST,27.2398648648649,1975
52,Liberia,LBR,Population density (people per sq. km of land area),EN.POP.DNST,16.6160091362126,1975
58,Mali,MLI,Population density (people per sq. km of land area),EN.POP.DNST,5.31251854219425,1975
64,Niger,NER,Population density (people per sq. km of land area),EN.POP.DNST,4.09326596668509,1975
70,Nigeria,NGA,Population density (people per sq. km of land area),EN.POP.DNST,69.5831977337857,1975
76,Senegal,SEN,Population density (people per sq. km of land area),EN.POP.DNST,25.6055991274087,1975
82,Sierra Leone,SLE,Population density (people per sq. km of land area),EN.POP.DNST,42.0775561097257,1975
88,Togo,TGO,Population density (people per sq. km of land area),EN.POP.DNST,44.317907703622,1975
4,Burkina Faso,BFA,Population density (people per sq. km of land area),EN.POP.DNST,22.9314035087719,1976
10,Benin,BEN,Population density (people per sq. km of land area),EN.POP.DNST,29.6840102873359,1976
16,Cabo Verde,CPV,Population density (people per sq. km of land area),EN.POP.DNST,67.3312655086849,1976
22,Cote d'Ivoire,CIV,Population density (people per sq. km of land area),EN.POP.DNST,21.1130471698113,1976
28,"Gambia, The",GMB,Population density (people per sq. km of land area),EN.POP.DNST,55.1195652173913,1976
34,Ghana,GHA,Population density (people per sq. km of land area),EN.POP.DNST,44.8236090357739,1976
40,Guinea,GIN,Population density (people per sq. km of land area),EN.POP.DNST,18.5546109392805,1976
46,Guinea-Bissau,GNB,Population density (people per sq. km of land area),EN.POP.DNST,27.3974039829303,1976
52,Liberia,LBR,Population density (people per sq. km of land area),EN.POP.DNST,17.087136627907,1976
58,Mali,MLI,Population density (people per sq. km of land area),EN.POP.DNST,5.40630639490571,1976
64,Niger,NER,Population density (people per sq. km of land area),EN.POP.DNST,4.21179679482119,1976
70,Nigeria,NGA,Population density (people per sq. km of land area),EN.POP.DNST,71.6112509195516,1976
76,Senegal,SEN,Population density (people per sq. km of land area),EN.POP.DNST,26.2679842102529,1976
82,Sierra Leone,SLE,Population density (people per sq. km of land area),EN.POP.DNST,42.9841368800222,1976
88,Togo,TGO,Population density (people per sq. km of land area),EN.POP.DNST,45.310240853098,1976
4,Burkina Faso,BFA,Population density (people per sq. km of land area),EN.POP.DNST,23.3879130116959,1977
10,Benin,BEN,Population density (people per sq. km of land area),EN.POP.DNST,30.4491397658744,1977
16,Cabo Verde,CPV,Population density (people per sq. km of land area),EN.POP.DNST,67.8250620347395,1977
22,Cote d'Ivoire,CIV,Population density (people per sq. km of land area),EN.POP.DNST,22.0959025157233,1977
28,"Gambia, The",GMB,Population density (people per sq. km of land area),EN.POP.DNST,56.9916007905138,1977
34,Ghana,GHA,Population density (people per sq. km of land area),EN.POP.DNST,45.6862661510064,1977
40,Guinea,GIN,Population density (people per sq. km of land area),EN.POP.DNST,18.8380310923002,1977
46,Guinea-Bissau,GNB,Population density (people per sq. km of land area),EN.POP.DNST,27.4442389758179,1977
52,Liberia,LBR,Population density (people per sq. km of land area),EN.POP.DNST,17.5680544019934,1977
58,Mali,MLI,Population density (people per sq. km of land area),EN.POP.DNST,5.50100148337554,1977
64,Niger,NER,Population density (people per sq. km of land area),EN.POP.DNST,4.33501065761427,1977
70,Nigeria,NGA,Population density (people per sq. km of land area),EN.POP.DNST,73.7871625108425,1977
76,Senegal,SEN,Population density (people per sq. km of land area),EN.POP.DNST,26.9127149015738,1977
82,Sierra Leone,SLE,Population density (people per sq. km of land area),EN.POP.DNST,43.9249515101136,1977
88,Togo,TGO,Population density (people per sq. km of land area),EN.POP.DNST,46.3036219893363,1977
4,Burkina Faso,BFA,Population density (people per sq. km of land area),EN.POP.DNST,23.8699561403509,1978
10,Benin,BEN,Population density (people per sq. km of land area),EN.POP.DNST,31.2516229159276,1978
16,Cabo Verde,CPV,Population density (people per sq. km of land area),EN.POP.DNST,68.5315136476427,1978
22,Cote d'Ivoire,CIV,Population density (people per sq. km of land area),EN.POP.DNST,23.1140534591195,1978
28,"Gambia, The",GMB,Population density (people per sq. km of land area),EN.POP.DNST,58.9466403162055,1978
34,Ghana,GHA,Population density (people per sq. km of land area),EN.POP.DNST,46.5424320998506,1978
40,Guinea,GIN,Population density (people per sq. km of land area),EN.POP.DNST,19.1371113462478,1978
46,Guinea-Bissau,GNB,Population density (people per sq. km of land area),EN.POP.DNST,27.4586415362731,1978
52,Liberia,LBR,Population density (people per sq. km of land area),EN.POP.DNST,18.074325166113,1978
58,Mali,MLI,Population density (people per sq. km of land area),EN.POP.DNST,5.59838221916259,1978
64,Niger,NER,Population density (people per sq. km of land area),EN.POP.DNST,4.46250493408068,1978
70,Nigeria,NGA,Population density (people per sq. km of land area),EN.POP.DNST,76.0586262173765,1978
76,Senegal,SEN,Population density (people per sq. km of land area),EN.POP.DNST,27.5628992884226,1978
82,Sierra Leone,SLE,Population density (people per sq. km of land area),EN.POP.DNST,44.8994319756165,1978
88,Togo,TGO,Population density (people per sq. km of land area),EN.POP.DNST,47.3670343813201,1978
4,Burkina Faso,BFA,Population density (people per sq. km of land area),EN.POP.DNST,24.3847076023392,1979
10,Benin,BEN,Population density (people per sq. km of land area),EN.POP.DNST,32.0904487406882,1979
16,Cabo Verde,CPV,Population density (people per sq. km of land area),EN.POP.DNST,69.4116625310174,1979
22,Cote d'Ivoire,CIV,Population density (people per sq. km of land area),EN.POP.DNST,24.1695817610063,1979
28,"Gambia, The",GMB,Population density (people per sq. km of land area),EN.POP.DNST,60.945652173913,1979
34,Ghana,GHA,Population density (people per sq. km of land area),EN.POP.DNST,47.4875538366881,1979
40,Guinea,GIN,Population density (people per sq. km of land area),EN.POP.DNST,19.4631735308481,1979
46,Guinea-Bissau,GNB,Population density (people per sq. km of land area),EN.POP.DNST,27.5507112375533,1979
52,Liberia,LBR,Population density (people per sq. km of land area),EN.POP.DNST,18.628021179402,1979
58,Mali,MLI,Population density (people per sq. km of land area),EN.POP.DNST,5.70108671600325,1979
64,Niger,NER,Population density (people per sq. km of land area),EN.POP.DNST,4.59363937791111,1979
70,Nigeria,NGA,Population density (people per sq. km of land area),EN.POP.DNST,78.3525379623835,1979
76,Senegal,SEN,Population density (people per sq. km of land area),EN.POP.DNST,28.250501220589,1979
82,Sierra Leone,SLE,Population density (people per sq. km of land area),EN.POP.DNST,45.9061512884455,1979
88,Togo,TGO,Population density (people per sq. km of land area),EN.POP.DNST,48.5878470307042,1979
4,Burkina Faso,BFA,Population density (people per sq. km of land area),EN.POP.DNST,24.9372697368421,1980
10,Benin,BEN,Population density (people per sq. km of land area),EN.POP.DNST,32.9652447676481,1980
16,Cabo Verde,CPV,Population density (people per sq. km of land area),EN.POP.DNST,70.433746898263,1980
22,Cote d'Ivoire,CIV,Population density (people per sq. km of land area),EN.POP.DNST,25.2630566037736,1980
28,"Gambia, The",GMB,Population density (people per sq. km of land area),EN.POP.DNST,62.9695652173913,1980
34,Ghana,GHA,Population density (people per sq. km of land area),EN.POP.DNST,48.589751252527,1980
40,Guinea,GIN,Population density (people per sq. km of land area),EN.POP.DNST,19.8251912746215,1980
46,Guinea-Bissau,GNB,Population density (people per sq. km of land area),EN.POP.DNST,27.7979374110953,1980
52,Liberia,LBR,Population density (people per sq. km of land area),EN.POP.DNST,19.237863372093,1980
58,Mali,MLI,Population density (people per sq. km of land area),EN.POP.DNST,5.81067210844213,1980
64,Niger,NER,Population density (people per sq. km of land area),EN.POP.DNST,4.72803347280335,1980
70,Nigeria,NGA,Population density (people per sq. km of land area),EN.POP.DNST,80.6171107963591,1980
76,Senegal,SEN,Population density (people per sq. km of land area),EN.POP.DNST,28.9988936789072,1980
82,Sierra Leone,SLE,Population density (people per sq. km of land area),EN.POP.DNST,46.9450540315877,1980
88,Togo,TGO,Population density (people per sq. km of land area),EN.POP.DNST,50.0245449531164,1980
4,Burkina Faso,BFA,Population density (people per sq. km of land area),EN.POP.DNST,25.5305774853801,1981
10,Benin,BEN,Population density (people per sq. km of land area),EN.POP.DNST,33.878378857751,1981
16,Cabo Verde,CPV,Population density (people per sq. km of land area),EN.POP.DNST,71.6322580645161,1981
22,Cote d'Ivoire,CIV,Population density (people per sq. km of land area),EN.POP.DNST,26.395248427673,1981
28,"Gambia, The",GMB,Population density (people per sq. km of land area),EN.POP.DNST,64.9783596837945,1981
34,Ghana,GHA,Population density (people per sq. km of land area),EN.POP.DNST,49.8738111980311,1981
40,Guinea,GIN,Population density (people per sq. km of land area),EN.POP.DNST,20.2246255901026,1981
46,Guinea-Bissau,GNB,Population density (people per sq. km of land area),EN.POP.DNST,28.2291607396871,1981
52,Liberia,LBR,Population density (people per sq. km of land area),EN.POP.DNST,19.9214285714286,1981
58,Mali,MLI,Population density (people per sq. km of land area),EN.POP.DNST,5.92917906227719,1981
64,Niger,NER,Population density (people per sq. km of land area),EN.POP.DNST,4.86595958001105,1981
70,Nigeria,NGA,Population density (people per sq. km of land area),EN.POP.DNST,82.8315655983399,1981
76,Senegal,SEN,Population density (people per sq. km of land area),EN.POP.DNST,29.8158261050226,1981
82,Sierra Leone,SLE,Population density (people per sq. km of land area),EN.POP.DNST,47.9926988085342,1981
88,Togo,TGO,Population density (people per sq. km of land area),EN.POP.DNST,51.7064166207023,1981
4,Burkina Faso,BFA,Population density (people per sq. km of land area),EN.POP.DNST,26.1632273391813,1982
10,Benin,BEN,Population density (people per sq. km of land area),EN.POP.DNST,34.8325381340901,1982
16,Cabo Verde,CPV,Population density (people per sq. km of land area),EN.POP.DNST,73.0133995037221,1982
22,Cote d'Ivoire,CIV,Population density (people per sq. km of land area),EN.POP.DNST,27.5628647798742,1982
28,"Gambia, The",GMB,Population density (people per sq. km of land area),EN.POP.DNST,67.0070158102767,1982
34,Ghana,GHA,Population density (people per sq. km of land area),EN.POP.DNST,51.3176935923354,1982
40,Guinea,GIN,Population density (people per sq. km of land area),EN.POP.DNST,20.662025883119,1982
46,Guinea-Bissau,GNB,Population density (people per sq. km of land area),EN.POP.DNST,28.8194167852063,1982
52,Liberia,LBR,Population density (people per sq. km of land area),EN.POP.DNST,20.6548691860465,1982
58,Mali,MLI,Population density (people per sq. km of land area),EN.POP.DNST,6.05534383989379,1982
64,Niger,NER,Population density (people per sq. km of land area),EN.POP.DNST,5.00791821267861,1982
70,Nigeria,NGA,Population density (people per sq. km of land area),EN.POP.DNST,85.0132733840596,1982
76,Senegal,SEN,Population density (people per sq. km of land area),EN.POP.DNST,30.6951332259908,1982
82,Sierra Leone,SLE,Population density (people per sq. km of land area),EN.POP.DNST,49.0463286228872,1982
88,Togo,TGO,Population density (people per sq. km of land area),EN.POP.DNST,53.6057731200588,1982
4,Burkina Faso,BFA,Population density (people per sq. km of land area),EN.POP.DNST,26.8308114035088,1983
10,Benin,BEN,Population density (people per sq. km of land area),EN.POP.DNST,35.8277758070238,1983
16,Cabo Verde,CPV,Population density (people per sq. km of land area),EN.POP.DNST,74.4977667493797,1983
22,Cote d'Ivoire,CIV,Population density (people per sq. km of land area),EN.POP.DNST,28.7576729559748,1983
28,"Gambia, The",GMB,Population density (people per sq. km of land area),EN.POP.DNST,69.1895256916996,1983
34,Ghana,GHA,Population density (people per sq. km of land area),EN.POP.DNST,52.885466291641,1983
40,Guinea,GIN,Population density (people per sq. km of land area),EN.POP.DNST,21.1437530522546,1983
46,Guinea-Bissau,GNB,Population density (people per sq. km of land area),EN.POP.DNST,29.5238975817923,1983
52,Liberia,LBR,Population density (people per sq. km of land area),EN.POP.DNST,21.3583056478405,1983
58,Mali,MLI,Population density (people per sq. km of land area),EN.POP.DNST,6.18359681688917,1983
64,Niger,NER,Population density (people per sq. km of land area),EN.POP.DNST,5.15405857740586,1983
70,Nigeria,NGA,Population density (people per sq. km of land area),EN.POP.DNST,87.1952754262877,1983
76,Senegal,SEN,Population density (people per sq. km of land area),EN.POP.DNST,31.6291850620682,1983
82,Sierra Leone,SLE,Population density (people per sq. km of land area),EN.POP.DNST,50.1503740648379,1983
88,Togo,TGO,Population density (people per sq. km of land area),EN.POP.DNST,55.6532450818165,1983
4,Burkina Faso,BFA,Population density (people per sq. km of land area),EN.POP.DNST,27.5264583333333,1984
10,Benin,BEN,Population density (people per sq. km of land area),EN.POP.DNST,36.8643047179851,1984
16,Cabo Verde,CPV,Population density (people per sq. km of land area),EN.POP.DNST,75.9652605459057,1984
22,Cote d'Ivoire,CIV,Population density (people per sq. km of land area),EN.POP.DNST,29.9688773584906,1984
28,"Gambia, The",GMB,Population density (people per sq. km of land area),EN.POP.DNST,71.7083003952569,1984
34,Ghana,GHA,Population density (people per sq. km of land area),EN.POP.DNST,54.520783159005,1984
40,Guinea,GIN,Population density (people per sq. km of land area),EN.POP.DNST,21.6765790330457,1984
46,Guinea-Bissau,GNB,Population density (people per sq. km of land area),EN.POP.DNST,30.272972972973,1984
52,Liberia,LBR,Population density (people per sq. km of land area),EN.POP.DNST,21.9234530730897,1984
58,Mali,MLI,Population density (people per sq. km of land area),EN.POP.DNST,6.30627771084831,1984
64,Niger,NER,Population density (people per sq. km of land area),EN.POP.DNST,5.30457882687298,1984
70,Nigeria,NGA,Population density (people per sq. km of land area),EN.POP.DNST,89.4284583374507,1984
76,Senegal,SEN,Population density (people per sq. km of land area),EN.POP.DNST,32.604892743988,1984
82,Sierra Leone,SLE,Population density (people per sq. km of land area),EN.POP.DNST,51.3648240509836,1984
88,Togo,TGO,Population density (people per sq. km of land area),EN.POP.DNST,57.7466446037875,1984
4,Burkina Faso,BFA,Population density (people per sq. km of land area),EN.POP.DNST,28.2452777777778,1985
10,Benin,BEN,Population density (people per sq. km of land area),EN.POP.DNST,37.9434373891451,1985
16,Cabo Verde,CPV,Population density (people per sq. km of land area),EN.POP.DNST,77.3369727047146,1985
22,Cote d'Ivoire,CIV,Population density (people per sq. km of land area),EN.POP.DNST,31.189320754717,1985
28,"Gambia, The",GMB,Population density (people per sq. km of land area),EN.POP.DNST,74.6829051383399,1985
34,Ghana,GHA,Population density (people per sq. km of land area),EN.POP.DNST,56.1818449503384,1985
40,Guinea,GIN,Population density (people per sq. km of land area),EN.POP.DNST,22.264024092463,1985
46,Guinea-Bissau,GNB,Population density (people per sq. km of land area),EN.POP.DNST,31.0157539118065,1985
52,Liberia,LBR,Population density (people per sq. km of land area),EN.POP.DNST,22.2773671096346,1985
58,Mali,MLI,Population density (people per sq. km of land area),EN.POP.DNST,6.4185807128398,1985
64,Niger,NER,Population density (people per sq. km of land area),EN.POP.DNST,5.45985158285308,1985
70,Nigeria,NGA,Population density (people per sq. km of land area),EN.POP.DNST,91.749592103385,1985
76,Senegal,SEN,Population density (people per sq. km of land area),EN.POP.DNST,33.6120552641147,1985
82,Sierra Leone,SLE,Population density (people per sq. km of land area),EN.POP.DNST,52.7196453311167,1985
88,Togo,TGO,Population density (people per sq. km of land area),EN.POP.DNST,59.8087332230189,1985
4,Burkina Faso,BFA,Population density (people per sq. km of land area),EN.POP.DNST,28.9864364035088,1986
10,Benin,BEN,Population density (people per sq. km of land area),EN.POP.DNST,39.0608726498758,1986
16,Cabo Verde,CPV,Population density (people per sq. km of land area),EN.POP.DNST,78.5640198511166,1986
22,Cote d'Ivoire,CIV,Population density (people per sq. km of land area),EN.POP.DNST,32.4127924528302,1986
28,"Gambia, The",GMB,Population density (people per sq. km of land area),EN.POP.DNST,78.1759881422925,1986
34,Ghana,GHA,Population density (people per sq. km of land area),EN.POP.DNST,57.8572514722686,1986
40,Guinea,GIN,Population density (people per sq. km of land area),EN.POP.DNST,22.9098974442455,1986
46,Guinea-Bissau,GNB,Population density (people per sq. km of land area),EN.POP.DNST,31.7400426742532,1986
52,Liberia,LBR,Population density (people per sq. km of land area),EN.POP.DNST,22.4089908637874,1986
58,Mali,MLI,Population density (people per sq. km of land area),EN.POP.DNST,6.51772510838476,1986
64,Niger,NER,Population density (people per sq. km of land area),EN.POP.DNST,5.62002447304018,1986
70,Nigeria,NGA,Population density (people per sq. km of land area),EN.POP.DNST,94.16910526258,1986
76,Senegal,SEN,Population density (people per sq. km of land area),EN.POP.DNST,34.6474055991274,1986
82,Sierra Leone,SLE,Population density (people per sq. km of land area),EN.POP.DNST,54.2627459129953,1986
88,Togo,TGO,Population density (people per sq. km of land area),EN.POP.DNST,61.831954403383,1986
4,Burkina Faso,BFA,Population density (people per sq. km of land area),EN.POP.DNST,29.7517543859649,1987
10,Benin,BEN,Population density (people per sq. km of land area),EN.POP.DNST,40.220485987939,1987
16,Cabo Verde,CPV,Population density (people per sq. km of land area),EN.POP.DNST,79.6866004962779,1987
22,Cote d'Ivoire,CIV,Population density (people per sq. km of land area),EN.POP.DNST,33.6421006289308,1987
28,"Gambia, The",GMB,Population density (people per sq. km of land area),EN.POP.DNST,82.1157114624506,1987
34,Ghana,GHA,Population density (people per sq. km of land area),EN.POP.DNST,59.5588511909994,1987
40,Guinea,GIN,Population density (people per sq. km of land area),EN.POP.DNST,23.6094864072929,1987
46,Guinea-Bissau,GNB,Population density (people per sq. km of land area),EN.POP.DNST,32.4592816500711,1987
52,Liberia,LBR,Population density (people per sq. km of land area),EN.POP.DNST,22.3558139534884,1987
58,Mali,MLI,Population density (people per sq. km of land area),EN.POP.DNST,6.60734475778362,1987
64,Niger,NER,Population density (people per sq. km of land area),EN.POP.DNST,5.78584826715086,1987
70,Nigeria,NGA,Population density (people per sq. km of land area),EN.POP.DNST,96.6742745149708,1987
76,Senegal,SEN,Population density (people per sq. km of land area),EN.POP.DNST,35.7125954396717,1987
82,Sierra Leone,SLE,Population density (people per sq. km of land area),EN.POP.DNST,55.9456082017179,1987
88,Togo,TGO,Population density (people per sq. km of land area),EN.POP.DNST,63.8304467733039,1987
4,Burkina Faso,BFA,Population density (people per sq. km of land area),EN.POP.DNST,30.5420796783626,1988
10,Benin,BEN,Population density (people per sq. km of land area),EN.POP.DNST,41.4406172401561,1988
16,Cabo Verde,CPV,Population density (people per sq. km of land area),EN.POP.DNST,80.829776674938,1988
22,Cote d'Ivoire,CIV,Population density (people per sq. km of land area),EN.POP.DNST,34.8891194968553,1988
28,"Gambia, The",GMB,Population density (people per sq. km of land area),EN.POP.DNST,86.3083003952569,1988
34,Ghana,GHA,Population density (people per sq. km of land area),EN.POP.DNST,61.294923969412,1988
40,Guinea,GIN,Population density (people per sq. km of land area),EN.POP.DNST,24.346752401107,1988
46,Guinea-Bissau,GNB,Population density (people per sq. km of land area),EN.POP.DNST,33.1808677098151,1988
52,Liberia,LBR,Population density (people per sq. km of land area),EN.POP.DNST,22.156405730897,1988
58,Mali,MLI,Population density (people per sq. km of land area),EN.POP.DNST,6.69692834722461,1988
64,Niger,NER,Population density (people per sq. km of land area),EN.POP.DNST,5.95912923344123,1988
70,Nigeria,NGA,Population density (people per sq. km of land area),EN.POP.DNST,99.2514883011079,1988
76,Senegal,SEN,Population density (people per sq. km of land area),EN.POP.DNST,36.8078948735262,1988
82,Sierra Leone,SLE,Population density (people per sq. km of land area),EN.POP.DNST,57.5870878359656,1988
88,Togo,TGO,Population density (people per sq. km of land area),EN.POP.DNST,65.7743886743887,1988
4,Burkina Faso,BFA,Population density (people per sq. km of land area),EN.POP.DNST,31.3589839181287,1989
10,Benin,BEN,Population density (people per sq. km of land area),EN.POP.DNST,42.7458318552678,1989
16,Cabo Verde,CPV,Population density (people per sq. km of land area),EN.POP.DNST,82.1786600496278,1989
22,Cote d'Ivoire,CIV,Population density (people per sq. km of land area),EN.POP.DNST,36.1712358490566,1989
28,"Gambia, The",GMB,Population density (people per sq. km of land area),EN.POP.DNST,90.477371541502,1989
34,Ghana,GHA,Population density (people per sq. km of land area),EN.POP.DNST,63.0808165597258,1989
40,Guinea,GIN,Population density (people per sq. km of land area),EN.POP.DNST,25.0996255901026,1989
46,Guinea-Bissau,GNB,Population density (people per sq. km of land area),EN.POP.DNST,33.9182788051209,1989
52,Liberia,LBR,Population density (people per sq. km of land area),EN.POP.DNST,21.8690718438538,1989
58,Mali,MLI,Population density (people per sq. km of land area),EN.POP.DNST,6.79969430990256,1989
64,Niger,NER,Population density (people per sq. km of land area),EN.POP.DNST,6.1421346806663,1989
70,Nigeria,NGA,Population density (people per sq. km of land area),EN.POP.DNST,101.878672990986,1989
76,Senegal,SEN,Population density (people per sq. km of land area),EN.POP.DNST,37.9344050277879,1989
82,Sierra Leone,SLE,Population density (people per sq. km of land area),EN.POP.DNST,58.9420060958714,1989
88,Togo,TGO,Population density (people per sq. km of land area),EN.POP.DNST,67.6331494760066,1989
4,Burkina Faso,BFA,Population density (people per sq. km of land area),EN.POP.DNST,32.2040679824561,1990
10,Benin,BEN,Population density (people per sq. km of land area),EN.POP.DNST,44.1511972330614,1990
16,Cabo Verde,CPV,Population density (people per sq. km of land area),EN.POP.DNST,83.8593052109181,1990
22,Cote d'Ivoire,CIV,Population density (people per sq. km of land area),EN.POP.DNST,37.4996006289308,1990
28,"Gambia, The",GMB,Population density (people per sq. km of land area),EN.POP.DNST,94.4263833992095,1990
34,Ghana,GHA,Population density (people per sq. km of land area),EN.POP.DNST,64.9260525621869,1990
40,Guinea,GIN,Population density (people per sq. km of land area),EN.POP.DNST,25.8517092625753,1990
46,Guinea-Bissau,GNB,Population density (people per sq. km of land area),EN.POP.DNST,34.6822546230441,1990
52,Liberia,LBR,Population density (people per sq. km of land area),EN.POP.DNST,21.5522944352159,1990
58,Mali,MLI,Population density (people per sq. km of land area),EN.POP.DNST,6.92508133979134,1990
64,Niger,NER,Population density (people per sq. km of land area),EN.POP.DNST,6.33661640483145,1990
70,Nigeria,NGA,Population density (people per sq. km of land area),EN.POP.DNST,104.540612887996,1990
76,Senegal,SEN,Population density (people per sq. km of land area),EN.POP.DNST,39.0916013088869,1990
82,Sierra Leone,SLE,Population density (people per sq. km of land area),EN.POP.DNST,59.8470906068163,1990
88,Togo,TGO,Population density (people per sq. km of land area),EN.POP.DNST,69.393454679169,1990
4,Burkina Faso,BFA,Population density (people per sq. km of land area),EN.POP.DNST,33.0777997076023,1991
10,Benin,BEN,Population density (people per sq. km of land area),EN.POP.DNST,45.6677545228805,1991
16,Cabo Verde,CPV,Population density (people per sq. km of land area),EN.POP.DNST,85.9129032258064,1991
22,Cote d'Ivoire,CIV,Population density (people per sq. km of land area),EN.POP.DNST,38.8754842767296,1991
28,"Gambia, The",GMB,Population density (people per sq. km of land area),EN.POP.DNST,98.0900197628459,1991
34,Ghana,GHA,Population density (people per sq. km of land area),EN.POP.DNST,66.83378746594,1991
40,Guinea,GIN,Population density (people per sq. km of land area),EN.POP.DNST,26.5950512778773,1991
46,Guinea-Bissau,GNB,Population density (people per sq. km of land area),EN.POP.DNST,35.4737553342816,1991
52,Liberia,LBR,Population density (people per sq. km of land area),EN.POP.DNST,21.1808658637874,1991
58,Mali,MLI,Population density (people per sq. km of land area),EN.POP.DNST,7.07719945254428,1991
64,Niger,NER,Population density (people per sq. km of land area),EN.POP.DNST,6.54356911660219,1991
70,Nigeria,NGA,Population density (people per sq. km of land area),EN.POP.DNST,107.236329699046,1991
76,Senegal,SEN,Population density (people per sq. km of land area),EN.POP.DNST,40.2820495507194,1991
82,Sierra Leone,SLE,Population density (people per sq. km of land area),EN.POP.DNST,60.2474785259075,1991
88,Togo,TGO,Population density (people per sq. km of land area),EN.POP.DNST,71.0240485383343,1991
4,Burkina Faso,BFA,Population density (people per sq. km of land area),EN.POP.DNST,33.9806652046784,1992
10,Benin,BEN,Population density (people per sq. km of land area),EN.POP.DNST,47.2845423909188,1992
16,Cabo Verde,CPV,Population density (people per sq. km of land area),EN.POP.DNST,88.2786600496278,1992
22,Cote d'Ivoire,CIV,Population density (people per sq. km of land area),EN.POP.DNST,40.2906540880503,1992
28,"Gambia, The",GMB,Population density (people per sq. km of land area),EN.POP.DNST,101.529249011858,1992
34,Ghana,GHA,Population density (people per sq. km of land area),EN.POP.DNST,68.7938164718291,1992
40,Guinea,GIN,Population density (people per sq. km of land area),EN.POP.DNST,27.3320527429595,1992
46,Guinea-Bissau,GNB,Population density (people per sq. km of land area),EN.POP.DNST,36.2856685633001,1992
52,Liberia,LBR,Population density (people per sq. km of land area),EN.POP.DNST,20.7808554817276,1992
58,Mali,MLI,Population density (people per sq. km of land area),EN.POP.DNST,7.25324252780305,1992
64,Niger,NER,Population density (people per sq. km of land area),EN.POP.DNST,6.76306386674035,1992
70,Nigeria,NGA,Population density (people per sq. km of land area),EN.POP.DNST,109.974755426727,1992
76,Senegal,SEN,Population density (people per sq. km of land area),EN.POP.DNST,41.5004934295954,1992
82,Sierra Leone,SLE,Population density (people per sq. km of land area),EN.POP.DNST,60.2345109448601,1992
88,Togo,TGO,Population density (people per sq. km of land area),EN.POP.DNST,72.5482993197279,1992
4,Burkina Faso,BFA,Population density (people per sq. km of land area),EN.POP.DNST,34.914009502924,1993
10,Benin,BEN,Population density (people per sq. km of land area),EN.POP.DNST,48.9691468605889,1993
16,Cabo Verde,CPV,Population density (people per sq. km of land area),EN.POP.DNST,90.8330024813896,1993
22,Cote d'Ivoire,CIV,Population density (people per sq. km of land area),EN.POP.DNST,41.7347106918239,1993
28,"Gambia, The",GMB,Population density (people per sq. km of land area),EN.POP.DNST,104.828162055336,1993
34,Ghana,GHA,Population density (people per sq. km of land area),EN.POP.DNST,70.7864814977586,1993
40,Guinea,GIN,Population density (people per sq. km of land area),EN.POP.DNST,28.069229203972,1993
46,Guinea-Bissau,GNB,Population density (people per sq. km of land area),EN.POP.DNST,37.1060099573257,1993
52,Liberia,LBR,Population density (people per sq. km of land area),EN.POP.DNST,20.5222279900332,1993
58,Mali,MLI,Population density (people per sq. km of land area),EN.POP.DNST,7.44734262696793,1993
64,Niger,NER,Population density (people per sq. km of land area),EN.POP.DNST,6.99478724244099,1993
70,Nigeria,NGA,Population density (people per sq. km of land area),EN.POP.DNST,112.762553663384,1993
76,Senegal,SEN,Population density (people per sq. km of land area),EN.POP.DNST,42.7296992676466,1993
82,Sierra Leone,SLE,Population density (people per sq. km of land area),EN.POP.DNST,59.9745774452757,1993
88,Togo,TGO,Population density (people per sq. km of land area),EN.POP.DNST,74.0769259054973,1993
4,Burkina Faso,BFA,Population density (people per sq. km of land area),EN.POP.DNST,35.8793274853801,1994
10,Benin,BEN,Population density (people per sq. km of land area),EN.POP.DNST,50.6759045760908,1994
16,Cabo Verde,CPV,Population density (people per sq. km of land area),EN.POP.DNST,93.4017369727047,1994
22,Cote d'Ivoire,CIV,Population density (people per sq. km of land area),EN.POP.DNST,43.1932012578616,1994
28,"Gambia, The",GMB,Population density (people per sq. km of land area),EN.POP.DNST,108.124407114625,1994
34,Ghana,GHA,Population density (people per sq. km of land area),EN.POP.DNST,72.7857827195218,1994
40,Guinea,GIN,Population density (people per sq. km of land area),EN.POP.DNST,28.817837375875,1994
46,Guinea-Bissau,GNB,Population density (people per sq. km of land area),EN.POP.DNST,37.9212304409673,1994
52,Liberia,LBR,Population density (people per sq. km of land area),EN.POP.DNST,20.6238683554817,1994
58,Mali,MLI,Population density (people per sq. km of land area),EN.POP.DNST,7.65036018980651,1994
64,Niger,NER,Population density (people per sq. km of land area),EN.POP.DNST,7.23795373805952,1994
70,Nigeria,NGA,Population density (people per sq. km of land area),EN.POP.DNST,115.609540279104,1994
76,Senegal,SEN,Population density (people per sq. km of land area),EN.POP.DNST,43.9467407676726,1994
82,Sierra Leone,SLE,Population density (people per sq. km of land area),EN.POP.DNST,59.7087835965641,1994
88,Togo,TGO,Population density (people per sq. km of land area),EN.POP.DNST,75.7605258319544,1994
4,Burkina Faso,BFA,Population density (people per sq. km of land area),EN.POP.DNST,36.878216374269,1995
10,Benin,BEN,Population density (people per sq. km of land area),EN.POP.DNST,52.3727562965591,1995
16,Cabo Verde,CPV,Population density (people per sq. km of land area),EN.POP.DNST,95.8531017369727,1995
22,Cote d'Ivoire,CIV,Population density (people per sq. km of land area),EN.POP.DNST,44.6533301886792,1995
28,"Gambia, The",GMB,Population density (people per sq. km of land area),EN.POP.DNST,111.519466403162,1995
34,Ghana,GHA,Population density (people per sq. km of land area),EN.POP.DNST,74.7739210688231,1995
40,Guinea,GIN,Population density (people per sq. km of land area),EN.POP.DNST,29.5850195344294,1995
46,Guinea-Bissau,GNB,Population density (people per sq. km of land area),EN.POP.DNST,38.7215504978663,1995
52,Liberia,LBR,Population density (people per sq. km of land area),EN.POP.DNST,21.2277512458472,1995
58,Mali,MLI,Population density (people per sq. km of land area),EN.POP.DNST,7.85587490472795,1995
64,Niger,NER,Population density (people per sq. km of land area),EN.POP.DNST,7.49213625957212,1995
70,Nigeria,NGA,Population density (people per sq. km of land area),EN.POP.DNST,118.524258594376,1995
76,Senegal,SEN,Population density (people per sq. km of land area),EN.POP.DNST,45.136628057965,1995
82,Sierra Leone,SLE,Population density (people per sq. km of land area),EN.POP.DNST,59.6280548628429,1995
88,Togo,TGO,Population density (people per sq. km of land area),EN.POP.DNST,77.7034932892076,1995
4,Burkina Faso,BFA,Population density (people per sq. km of land area),EN.POP.DNST,37.9120394736842,1996
10,Benin,BEN,Population density (people per sq. km of land area),EN.POP.DNST,54.0463994324228,1996
16,Cabo Verde,CPV,Population density (people per sq. km of land area),EN.POP.DNST,98.1471464019851,1996
22,Cote d'Ivoire,CIV,Population density (people per sq. km of land area),EN.POP.DNST,46.1167452830189,1996
28,"Gambia, The",GMB,Population density (people per sq. km of land area),EN.POP.DNST,115.028754940711,1996
34,Ghana,GHA,Population density (people per sq. km of land area),EN.POP.DNST,76.7447657554716,1996
40,Guinea,GIN,Population density (people per sq. km of land area),EN.POP.DNST,30.3751505778935,1996
46,Guinea-Bissau,GNB,Population density (people per sq. km of land area),EN.POP.DNST,39.5033783783784,1996
52,Liberia,LBR,Population density (people per sq. km of land area),EN.POP.DNST,22.4302325581395,1996
58,Mali,MLI,Population density (people per sq. km of land area),EN.POP.DNST,8.06233045673215,1996
64,Niger,NER,Population density (people per sq. km of land area),EN.POP.DNST,7.75763795689587,1996
70,Nigeria,NGA,Population density (people per sq. km of land area),EN.POP.DNST,121.511231156055,1996
76,Senegal,SEN,Population density (people per sq. km of land area),EN.POP.DNST,46.2934192073962,1996
82,Sierra Leone,SLE,Population density (people per sq. km of land area),EN.POP.DNST,59.7486838459407,1996
88,Togo,TGO,Population density (people per sq. km of land area),EN.POP.DNST,79.9560213274499,1996
4,Burkina Faso,BFA,Population density (people per sq. km of land area),EN.POP.DNST,38.9822807017544,1997
10,Benin,BEN,Population density (people per sq. km of land area),EN.POP.DNST,55.708087974459,1997
16,Cabo Verde,CPV,Population density (people per sq. km of land area),EN.POP.DNST,100.309677419355,1997
22,Cote d'Ivoire,CIV,Population density (people per sq. km of land area),EN.POP.DNST,47.5807358490566,1997
28,"Gambia, The",GMB,Population density (people per sq. km of land area),EN.POP.DNST,118.628656126482,1997
34,Ghana,GHA,Population density (people per sq. km of land area),EN.POP.DNST,78.7069394392195,1997
40,Guinea,GIN,Population density (people per sq. km of land area),EN.POP.DNST,31.182121927397,1997
46,Guinea-Bissau,GNB,Population density (people per sq. km of land area),EN.POP.DNST,40.2740042674253,1997
52,Liberia,LBR,Population density (people per sq. km of land area),EN.POP.DNST,24.1508513289037,1997
58,Mali,MLI,Population density (people per sq. km of land area),EN.POP.DNST,8.27277964907105,1997
64,Niger,NER,Population density (people per sq. km of land area),EN.POP.DNST,8.03520644193574,1997
70,Nigeria,NGA,Population density (people per sq. km of land area),EN.POP.DNST,124.57334014076,1997
76,Senegal,SEN,Population density (people per sq. km of land area),EN.POP.DNST,47.4257310549005,1997
82,Sierra Leone,SLE,Population density (people per sq. km of land area),EN.POP.DNST,60.0622748683846,1997
88,Togo,TGO,Population density (people per sq. km of land area),EN.POP.DNST,82.4773855488141,1997
4,Burkina Faso,BFA,Population density (people per sq. km of land area),EN.POP.DNST,40.0903581871345,1998
10,Benin,BEN,Population density (people per sq. km of land area),EN.POP.DNST,57.3809418233416,1998
16,Cabo Verde,CPV,Population density (people per sq. km of land area),EN.POP.DNST,102.360545905707,1998
22,Cote d'Ivoire,CIV,Population density (people per sq. km of land area),EN.POP.DNST,49.0232924528302,1998
28,"Gambia, The",GMB,Population density (people per sq. km of land area),EN.POP.DNST,122.344268774704,1998
34,Ghana,GHA,Population density (people per sq. km of land area),EN.POP.DNST,80.676623890305,1998
40,Guinea,GIN,Population density (people per sq. km of land area),EN.POP.DNST,31.9907699820934,1998
46,Guinea-Bissau,GNB,Population density (people per sq. km of land area),EN.POP.DNST,41.0516358463727,1998
52,Liberia,LBR,Population density (people per sq. km of land area),EN.POP.DNST,26.1365448504983,1998
58,Mali,MLI,Population density (people per sq. km of land area),EN.POP.DNST,8.49094321376179,1998
64,Niger,NER,Population density (people per sq. km of land area),EN.POP.DNST,8.32534933291229,1998
70,Nigeria,NGA,Population density (people per sq. km of land area),EN.POP.DNST,127.715848128507,1998
76,Senegal,SEN,Population density (people per sq. km of land area),EN.POP.DNST,48.5523139251026,1998
82,Sierra Leone,SLE,Population density (people per sq. km of land area),EN.POP.DNST,60.7021889720144,1998
88,Togo,TGO,Population density (people per sq. km of land area),EN.POP.DNST,85.1710056995771,1998
4,Burkina Faso,BFA,Population density (people per sq. km of land area),EN.POP.DNST,41.2379239766082,1999
10,Benin,BEN,Population density (people per sq. km of land area),EN.POP.DNST,59.0998758424973,1999
16,Cabo Verde,CPV,Population density (people per sq. km of land area),EN.POP.DNST,104.331513647643,1999
22,Cote d'Ivoire,CIV,Population density (people per sq. km of land area),EN.POP.DNST,50.4168962264151,1999
28,"Gambia, The",GMB,Population density (people per sq. km of land area),EN.POP.DNST,126.19743083004,1999
34,Ghana,GHA,Population density (people per sq. km of land area),EN.POP.DNST,82.6771952184231,1999
40,Guinea,GIN,Population density (people per sq. km of land area),EN.POP.DNST,32.7801766237994,1999
46,Guinea-Bissau,GNB,Population density (people per sq. km of land area),EN.POP.DNST,41.8610597439545,1999
52,Liberia,LBR,Population density (people per sq. km of land area),EN.POP.DNST,28.0285299003322,1999
58,Mali,MLI,Population density (people per sq. km of land area),EN.POP.DNST,8.72236045206074,1999
64,Niger,NER,Population density (people per sq. km of land area),EN.POP.DNST,8.62865871950738,1999
70,Nigeria,NGA,Population density (people per sq. km of land area),EN.POP.DNST,130.944206550501,1999
76,Senegal,SEN,Population density (people per sq. km of land area),EN.POP.DNST,49.6998753441022,1999
82,Sierra Leone,SLE,Population density (people per sq. km of land area),EN.POP.DNST,61.822859517872,1999
88,Togo,TGO,Population density (people per sq. km of land area),EN.POP.DNST,87.892167677882,1999
4,Burkina Faso,BFA,Population density (people per sq. km of land area),EN.POP.DNST,42.4267214912281,2000
10,Benin,BEN,Population density (people per sq. km of land area),EN.POP.DNST,60.8899077687123,2000
16,Cabo Verde,CPV,Population density (people per sq. km of land area),EN.POP.DNST,106.247642679901,2000
22,Cote d'Ivoire,CIV,Population density (people per sq. km of land area),EN.POP.DNST,51.744213836478,2000
28,"Gambia, The",GMB,Population density (people per sq. km of land area),EN.POP.DNST,130.208300395257,2000
34,Ghana,GHA,Population density (people per sq. km of land area),EN.POP.DNST,84.7273006943834,2000
40,Guinea,GIN,Population density (people per sq. km of land area),EN.POP.DNST,33.5370950675566,2000
46,Guinea-Bissau,GNB,Population density (people per sq. km of land area),EN.POP.DNST,42.7206614509246,2000
52,Liberia,LBR,Population density (people per sq. km of land area),EN.POP.DNST,29.5727470930233,2000
58,Mali,MLI,Population density (people per sq. km of land area),EN.POP.DNST,8.97110122194085,2000
64,Niger,NER,Population density (people per sq. km of land area),EN.POP.DNST,8.94573379647904,2000
70,Nigeria,NGA,Population density (people per sq. km of land area),EN.POP.DNST,134.264252226138,2000
76,Senegal,SEN,Population density (people per sq. km of land area),EN.POP.DNST,50.8893730847141,2000
82,Sierra Leone,SLE,Population density (people per sq. km of land area),EN.POP.DNST,63.5157938487116,2000
88,Togo,TGO,Population density (people per sq. km of land area),EN.POP.DNST,90.5388122816694,2000
4,Burkina Faso,BFA,Population density (people per sq. km of land area),EN.POP.DNST,43.6571235380117,2001
10,Benin,BEN,Population density (people per sq. km of land area),EN.POP.DNST,62.759205391983,2001
16,Cabo Verde,CPV,Population density (people per sq. km of land area),EN.POP.DNST,108.114392059553,2001
22,Cote d'Ivoire,CIV,Population density (people per sq. km of land area),EN.POP.DNST,52.9969402515723,2001
28,"Gambia, The",GMB,Population density (people per sq. km of land area),EN.POP.DNST,134.394268774704,2001
34,Ghana,GHA,Population density (people per sq. km of land area),EN.POP.DNST,86.8283774281445,2001
40,Guinea,GIN,Population density (people per sq. km of land area),EN.POP.DNST,34.2547696565196,2001
46,Guinea-Bissau,GNB,Population density (people per sq. km of land area),EN.POP.DNST,43.6381578947368,2001
52,Liberia,LBR,Population density (people per sq. km of land area),EN.POP.DNST,30.6678571428571,2001
58,Mali,MLI,Population density (people per sq. km of land area),EN.POP.DNST,9.23758021291766,2001
64,Niger,NER,Population density (people per sq. km of land area),EN.POP.DNST,9.27714849609221,2001
70,Nigeria,NGA,Population density (people per sq. km of land area),EN.POP.DNST,137.679157196658,2001
76,Senegal,SEN,Population density (people per sq. km of land area),EN.POP.DNST,52.1274710434737,2001
82,Sierra Leone,SLE,Population density (people per sq. km of land area),EN.POP.DNST,65.8640759213078,2001
88,Togo,TGO,Population density (people per sq. km of land area),EN.POP.DNST,93.0790770362199,2001
4,Burkina Faso,BFA,Population density (people per sq. km of land area),EN.POP.DNST,44.9309100877193,2002
10,Benin,BEN,Population density (people per sq. km of land area),EN.POP.DNST,64.6984746363959,2002
16,Cabo Verde,CPV,Population density (people per sq. km of land area),EN.POP.DNST,109.914392059553,2002
22,Cote d'Ivoire,CIV,Population density (people per sq. km of land area),EN.POP.DNST,54.1872295597484,2002
28,"Gambia, The",GMB,Population density (people per sq. km of land area),EN.POP.DNST,138.761166007905,2002
34,Ghana,GHA,Population density (people per sq. km of land area),EN.POP.DNST,88.9794146084205,2002
40,Guinea,GIN,Population density (people per sq. km of land area),EN.POP.DNST,34.9425240110695,2002
46,Guinea-Bissau,GNB,Population density (people per sq. km of land area),EN.POP.DNST,44.6107396870555,2002
52,Liberia,LBR,Population density (people per sq. km of land area),EN.POP.DNST,31.4028965946844,2002
58,Mali,MLI,Population density (people per sq. km of land area),EN.POP.DNST,9.52055827371147,2002
64,Niger,NER,Population density (people per sq. km of land area),EN.POP.DNST,9.62342148890819,2002
70,Nigeria,NGA,Population density (people per sq. km of land area),EN.POP.DNST,141.194899919848,2002
76,Senegal,SEN,Population density (people per sq. km of land area),EN.POP.DNST,53.4134628369605,2002
82,Sierra Leone,SLE,Population density (people per sq. km of land area),EN.POP.DNST,68.7970351898033,2002
88,Togo,TGO,Population density (people per sq. km of land area),EN.POP.DNST,95.5513881228167,2002
4,Burkina Faso,BFA,Population density (people per sq. km of land area),EN.POP.DNST,46.2522807017544,2003
10,Benin,BEN,Population density (people per sq. km of land area),EN.POP.DNST,66.6952465413267,2003
16,Cabo Verde,CPV,Population density (people per sq. km of land area),EN.POP.DNST,111.643920595534,2003
22,Cote d'Ivoire,CIV,Population density (people per sq. km of land area),EN.POP.DNST,55.3446949685535,2003
28,"Gambia, The",GMB,Population density (people per sq. km of land area),EN.POP.DNST,143.273221343874,2003
34,Ghana,GHA,Population density (people per sq. km of land area),EN.POP.DNST,91.1941109255516,2003
40,Guinea,GIN,Population density (people per sq. km of land area),EN.POP.DNST,35.6222407618427,2003
46,Guinea-Bissau,GNB,Population density (people per sq. km of land area),EN.POP.DNST,45.6364509246088,2003
52,Liberia,LBR,Population density (people per sq. km of land area),EN.POP.DNST,31.9461690199336,2003
58,Mali,MLI,Population density (people per sq. km of land area),EN.POP.DNST,9.82034928986469,2003
64,Niger,NER,Population density (people per sq. km of land area),EN.POP.DNST,9.984986974027,2003
70,Nigeria,NGA,Population density (people per sq. km of land area),EN.POP.DNST,144.823208933101,2003
76,Senegal,SEN,Population density (people per sq. km of land area),EN.POP.DNST,54.7523502830728,2003
82,Sierra Leone,SLE,Population density (people per sq. km of land area),EN.POP.DNST,72.0569963978942,2003
88,Togo,TGO,Population density (people per sq. km of land area),EN.POP.DNST,98.0075197646626,2003
4,Burkina Faso,BFA,Population density (people per sq. km of land area),EN.POP.DNST,47.6263742690059,2004
10,Benin,BEN,Population density (people per sq. km of land area),EN.POP.DNST,68.730072720823,2004
16,Cabo Verde,CPV,Population density (people per sq. km of land area),EN.POP.DNST,113.304962779156,2004
22,Cote d'Ivoire,CIV,Population density (people per sq. km of land area),EN.POP.DNST,56.5109842767296,2004
28,"Gambia, The",GMB,Population density (people per sq. km of land area),EN.POP.DNST,147.877865612648,2004
34,Ghana,GHA,Population density (people per sq. km of land area),EN.POP.DNST,93.4883009580733,2004
40,Guinea,GIN,Population density (people per sq. km of land area),EN.POP.DNST,36.3247965163601,2004
46,Guinea-Bissau,GNB,Population density (people per sq. km of land area),EN.POP.DNST,46.7102418207681,2004
52,Liberia,LBR,Population density (people per sq. km of land area),EN.POP.DNST,32.5545473421927,2004
58,Mali,MLI,Population density (people per sq. km of land area),EN.POP.DNST,10.1370098099476,2004
64,Niger,NER,Population density (people per sq. km of land area),EN.POP.DNST,10.3622909923423,2004
70,Nigeria,NGA,Population density (people per sq. km of land area),EN.POP.DNST,148.578038363143,2004
76,Senegal,SEN,Population density (people per sq. km of land area),EN.POP.DNST,56.1475406430167,2004
82,Sierra Leone,SLE,Population density (people per sq. km of land area),EN.POP.DNST,75.2839429204766,2004
88,Togo,TGO,Population density (people per sq. km of land area),EN.POP.DNST,100.528957528958,2004
4,Burkina Faso,BFA,Population density (people per sq. km of land area),EN.POP.DNST,49.0567799707602,2005
10,Benin,BEN,Population density (people per sq. km of land area),EN.POP.DNST,70.7894909542391,2005
16,Cabo Verde,CPV,Population density (people per sq. km of land area),EN.POP.DNST,114.896774193548,2005
22,Cote d'Ivoire,CIV,Population density (people per sq. km of land area),EN.POP.DNST,57.7185943396226,2005
28,"Gambia, The",GMB,Population density (people per sq. km of land area),EN.POP.DNST,152.543972332016,2005
34,Ghana,GHA,Population density (people per sq. km of land area),EN.POP.DNST,95.8717060736574,2005
40,Guinea,GIN,Population density (people per sq. km of land area),EN.POP.DNST,37.0730302783656,2005
46,Guinea-Bissau,GNB,Population density (people per sq. km of land area),EN.POP.DNST,47.8282716927454,2005
52,Liberia,LBR,Population density (people per sq. km of land area),EN.POP.DNST,33.4106519933555,2005
58,Mali,MLI,Population density (people per sq. km of land area),EN.POP.DNST,10.4700980994763,2005
64,Niger,NER,Population density (people per sq. km of land area),EN.POP.DNST,10.7558806347201,2005
70,Nigeria,NGA,Population density (people per sq. km of land area),EN.POP.DNST,152.469903488257,2005
76,Senegal,SEN,Population density (people per sq. km of land area),EN.POP.DNST,57.6020516283177,2005
82,Sierra Leone,SLE,Population density (people per sq. km of land area),EN.POP.DNST,78.2159739540039,2005
88,Togo,TGO,Population density (people per sq. km of land area),EN.POP.DNST,103.174168045597,2005
4,Burkina Faso,BFA,Population density (people per sq. km of land area),EN.POP.DNST,50.5452229532164,2006
10,Benin,BEN,Population density (people per sq. km of land area),EN.POP.DNST,72.8706367506208,2006
16,Cabo Verde,CPV,Population density (people per sq. km of land area),EN.POP.DNST,116.419602977667,2006
22,Cote d'Ivoire,CIV,Population density (people per sq. km of land area),EN.POP.DNST,58.9777169811321,2006
28,"Gambia, The",GMB,Population density (people per sq. km of land area),EN.POP.DNST,157.257312252964,2006
34,Ghana,GHA,Population density (people per sq. km of land area),EN.POP.DNST,98.3521886261756,2006
40,Guinea,GIN,Population density (people per sq. km of land area),EN.POP.DNST,37.8781580660915,2006
46,Guinea-Bissau,GNB,Population density (people per sq. km of land area),EN.POP.DNST,48.9894025604552,2006
52,Liberia,LBR,Population density (people per sq. km of land area),EN.POP.DNST,34.5640676910299,2006
58,Mali,MLI,Population density (people per sq. km of land area),EN.POP.DNST,10.8207557839353,2006
64,Niger,NER,Population density (people per sq. km of land area),EN.POP.DNST,11.1659974737507,2006
70,Nigeria,NGA,Population density (people per sq. km of land area),EN.POP.DNST,156.503074321728,2006
76,Senegal,SEN,Population density (people per sq. km of land area),EN.POP.DNST,59.1194722900327,2006
82,Sierra Leone,SLE,Population density (people per sq. km of land area),EN.POP.DNST,80.7597672485453,2006
88,Togo,TGO,Population density (people per sq. km of land area),EN.POP.DNST,105.954789483361,2006
4,Burkina Faso,BFA,Population density (people per sq. km of land area),EN.POP.DNST,52.0907492690058,2007
10,Benin,BEN,Population density (people per sq. km of land area),EN.POP.DNST,74.9804008513657,2007
16,Cabo Verde,CPV,Population density (people per sq. km of land area),EN.POP.DNST,117.882630272953,2007
22,Cote d'Ivoire,CIV,Population density (people per sq. km of land area),EN.POP.DNST,60.2869496855346,2007
28,"Gambia, The",GMB,Population density (people per sq. km of land area),EN.POP.DNST,162.040118577075,2007
34,Ghana,GHA,Population density (people per sq. km of land area),EN.POP.DNST,100.922677331458,2007
40,Guinea,GIN,Population density (people per sq. km of land area),EN.POP.DNST,38.7357927722611,2007
46,Guinea-Bissau,GNB,Population density (people per sq. km of land area),EN.POP.DNST,50.1971906116643,2007
52,Liberia,LBR,Population density (people per sq. km of land area),EN.POP.DNST,35.9417670265781,2007
58,Mali,MLI,Population density (people per sq. km of land area),EN.POP.DNST,11.187974823593,2007
64,Niger,NER,Population density (people per sq. km of land area),EN.POP.DNST,11.5934349096076,2007
70,Nigeria,NGA,Population density (people per sq. km of land area),EN.POP.DNST,160.677197316556,2007
76,Senegal,SEN,Population density (people per sq. km of land area),EN.POP.DNST,60.7026333558406,2007
82,Sierra Leone,SLE,Population density (people per sq. km of land area),EN.POP.DNST,82.9820033250208,2007
88,Togo,TGO,Population density (people per sq. km of land area),EN.POP.DNST,108.850156278728,2007
4,Burkina Faso,BFA,Population density (people per sq. km of land area),EN.POP.DNST,53.6905153508772,2008
10,Benin,BEN,Population density (people per sq. km of land area),EN.POP.DNST,77.1276605179142,2008
16,Cabo Verde,CPV,Population density (people per sq. km of land area),EN.POP.DNST,119.316625310174,2008
22,Cote d'Ivoire,CIV,Population density (people per sq. km of land area),EN.POP.DNST,61.6527295597484,2008
28,"Gambia, The",GMB,Population density (people per sq. km of land area),EN.POP.DNST,166.925691699605,2008
34,Ghana,GHA,Population density (people per sq. km of land area),EN.POP.DNST,103.559075327415,2008
40,Guinea,GIN,Population density (people per sq. km of land area),EN.POP.DNST,39.6337131694612,2008
46,Guinea-Bissau,GNB,Population density (people per sq. km of land area),EN.POP.DNST,51.4557610241821,2008
52,Liberia,LBR,Population density (people per sq. km of land area),EN.POP.DNST,37.4570494186047,2008
58,Mali,MLI,Population density (people per sq. km of land area),EN.POP.DNST,11.566705185258,2008
64,Niger,NER,Population density (people per sq. km of land area),EN.POP.DNST,12.0398776347991,2008
70,Nigeria,NGA,Population density (people per sq. km of land area),EN.POP.DNST,164.991844263645,2008
76,Senegal,SEN,Population density (people per sq. km of land area),EN.POP.DNST,62.3523606710642,2008
82,Sierra Leone,SLE,Population density (people per sq. km of land area),EN.POP.DNST,84.976433915212,2008
88,Togo,TGO,Population density (people per sq. km of land area),EN.POP.DNST,111.848078690936,2008
4,Burkina Faso,BFA,Population density (people per sq. km of land area),EN.POP.DNST,55.3402704678363,2009
10,Benin,BEN,Population density (people per sq. km of land area),EN.POP.DNST,79.3252305782192,2009
16,Cabo Verde,CPV,Population density (people per sq. km of land area),EN.POP.DNST,120.761042183623,2009
22,Cote d'Ivoire,CIV,Population density (people per sq. km of land area),EN.POP.DNST,63.0790786163522,2009
28,"Gambia, The",GMB,Population density (people per sq. km of land area),EN.POP.DNST,171.964130434783,2009
34,Ghana,GHA,Population density (people per sq. km of land area),EN.POP.DNST,106.227225982245,2009
40,Guinea,GIN,Population density (people per sq. km of land area),EN.POP.DNST,40.5521325085463,2009
46,Guinea-Bissau,GNB,Population density (people per sq. km of land area),EN.POP.DNST,52.7709815078236,2009
52,Liberia,LBR,Population density (people per sq. km of land area),EN.POP.DNST,38.9755917774086,2009
58,Mali,MLI,Population density (people per sq. km of land area),EN.POP.DNST,11.9501282587138,2009
64,Niger,NER,Population density (people per sq. km of land area),EN.POP.DNST,12.5074058577406,2009
70,Nigeria,NGA,Population density (people per sq. km of land area),EN.POP.DNST,169.44446896582,2009
76,Senegal,SEN,Population density (people per sq. km of land area),EN.POP.DNST,64.0684153118994,2009
82,Sierra Leone,SLE,Population density (people per sq. km of land area),EN.POP.DNST,86.9040592962039,2009
88,Togo,TGO,Population density (people per sq. km of land area),EN.POP.DNST,114.926273211987,2009
4,Burkina Faso,BFA,Population density (people per sq. km of land area),EN.POP.DNST,57.0365899122807,2010
10,Benin,BEN,Population density (people per sq. km of land area),EN.POP.DNST,81.5826002128414,2010
16,Cabo Verde,CPV,Population density (people per sq. km of land area),EN.POP.DNST,122.244168734491,2010
22,Cote d'Ivoire,CIV,Population density (people per sq. km of land area),EN.POP.DNST,64.5690062893082,2010
28,"Gambia, The",GMB,Population density (people per sq. km of land area),EN.POP.DNST,177.193577075099,2010
34,Ghana,GHA,Population density (people per sq. km of land area),EN.POP.DNST,108.902232574492,2010
40,Guinea,GIN,Population density (people per sq. km of land area),EN.POP.DNST,41.4787888653752,2010
46,Guinea-Bissau,GNB,Population density (people per sq. km of land area),EN.POP.DNST,54.1466216216216,2010
52,Liberia,LBR,Population density (people per sq. km of land area),EN.POP.DNST,40.4003010797342,2010
58,Mali,MLI,Population density (people per sq. km of land area),EN.POP.DNST,12.3336136175514,2010
64,Niger,NER,Population density (people per sq. km of land area),EN.POP.DNST,12.9975724323044,2010
70,Nigeria,NGA,Population density (people per sq. km of land area),EN.POP.DNST,174.032086037089,2010
76,Senegal,SEN,Population density (people per sq. km of land area),EN.POP.DNST,65.850220744819,2010
82,Sierra Leone,SLE,Population density (people per sq. km of land area),EN.POP.DNST,88.8838459407038,2010
88,Togo,TGO,Population density (people per sq. km of land area),EN.POP.DNST,118.067181467181,2010
4,Burkina Faso,BFA,Population density (people per sq. km of land area),EN.POP.DNST,58.7789290935672,2011
10,Benin,BEN,Population density (people per sq. km of land area),EN.POP.DNST,83.9023501241575,2011
16,Cabo Verde,CPV,Population density (people per sq. km of land area),EN.POP.DNST,123.786104218362,2011
22,Cote d'Ivoire,CIV,Population density (people per sq. km of land area),EN.POP.DNST,66.1278364779874,2011
28,"Gambia, The",GMB,Population density (people per sq. km of land area),EN.POP.DNST,182.622727272727,2011
34,Ghana,GHA,Population density (people per sq. km of land area),EN.POP.DNST,111.57472532302,2011
40,Guinea,GIN,Population density (people per sq. km of land area),EN.POP.DNST,42.4078585381735,2011
46,Guinea-Bissau,GNB,Population density (people per sq. km of land area),EN.POP.DNST,55.5830725462304,2011
52,Liberia,LBR,Population density (people per sq. km of land area),EN.POP.DNST,41.7093646179402,2011
58,Mali,MLI,Population density (people per sq. km of land area),EN.POP.DNST,12.7148993189585,2011
64,Niger,NER,Population density (people per sq. km of land area),EN.POP.DNST,13.5113049656588,2011
70,Nigeria,NGA,Population density (people per sq. km of land area),EN.POP.DNST,178.755426726836,2011
76,Senegal,SEN,Population density (people per sq. km of land area),EN.POP.DNST,67.697574403989,2011
82,Sierra Leone,SLE,Population density (people per sq. km of land area),EN.POP.DNST,90.9287614297589,2011
88,Togo,TGO,Population density (people per sq. km of land area),EN.POP.DNST,121.271171171171,2011
4,Burkina Faso,BFA,Population density (people per sq. km of land area),EN.POP.DNST,60.5674415204678,2012
10,Benin,BEN,Population density (people per sq. km of land area),EN.POP.DNST,86.2828485278468,2012
16,Cabo Verde,CPV,Population density (people per sq. km of land area),EN.POP.DNST,125.369975186104,2012
22,Cote d'Ivoire,CIV,Population density (people per sq. km of land area),EN.POP.DNST,67.7584528301887,2012
28,"Gambia, The",GMB,Population density (people per sq. km of land area),EN.POP.DNST,188.243083003953,2012
34,Ghana,GHA,Population density (people per sq. km of land area),EN.POP.DNST,114.250039553485,2012
40,Guinea,GIN,Population density (people per sq. km of land area),EN.POP.DNST,43.3502848770959,2012
46,Guinea-Bissau,GNB,Population density (people per sq. km of land area),EN.POP.DNST,57.0761379800853,2012
52,Liberia,LBR,Population density (people per sq. km of land area),EN.POP.DNST,42.9366901993356,2012
58,Mali,MLI,Population density (people per sq. km of land area),EN.POP.DNST,13.0959047361476,2012
64,Niger,NER,Population density (people per sq. km of land area),EN.POP.DNST,14.048479513697,2012
70,Nigeria,NGA,Population density (people per sq. km of land area),EN.POP.DNST,183.612550918454,2012
76,Senegal,SEN,Population density (people per sq. km of land area),EN.POP.DNST,69.6098789798992,2012
82,Sierra Leone,SLE,Population density (people per sq. km of land area),EN.POP.DNST,92.9978664449986,2012
88,Togo,TGO,Population density (people per sq. km of land area),EN.POP.DNST,124.541404669976,2012
4,Burkina Faso,BFA,Population density (people per sq. km of land area),EN.POP.DNST,62.4005519005848,2013
10,Benin,BEN,Population density (people per sq. km of land area),EN.POP.DNST,88.7246718694573,2013
16,Cabo Verde,CPV,Population density (people per sq. km of land area),EN.POP.DNST,126.982630272953,2013
22,Cote d'Ivoire,CIV,Population density (people per sq. km of land area),EN.POP.DNST,69.4575660377358,2013
28,"Gambia, The",GMB,Population density (people per sq. km of land area),EN.POP.DNST,194.042292490119,2013
34,Ghana,GHA,Population density (people per sq. km of land area),EN.POP.DNST,116.936103542234,2013
40,Guinea,GIN,Population density (people per sq. km of land area),EN.POP.DNST,44.3302173205274,2013
46,Guinea-Bissau,GNB,Population density (people per sq. km of land area),EN.POP.DNST,58.6151849217639,2013
52,Liberia,LBR,Population density (people per sq. km of land area),EN.POP.DNST,44.1064887873754,2013
58,Mali,MLI,Population density (people per sq. km of land area),EN.POP.DNST,13.4813873249248,2013
64,Niger,NER,Population density (people per sq. km of land area),EN.POP.DNST,14.6082632035999,2013
70,Nigeria,NGA,Population density (people per sq. km of land area),EN.POP.DNST,188.594067657037,2013
76,Senegal,SEN,Population density (people per sq. km of land area),EN.POP.DNST,71.5858775255804,2013
82,Sierra Leone,SLE,Population density (people per sq. km of land area),EN.POP.DNST,95.0952479911333,2013
88,Togo,TGO,Population density (people per sq. km of land area),EN.POP.DNST,127.867641110498,2013
4,Burkina Faso,BFA,Population density (people per sq. km of land area),EN.POP.DNST,64.2764217836257,2014
10,Benin,BEN,Population density (people per sq. km of land area),EN.POP.DNST,91.2277314650585,2014
16,Cabo Verde,CPV,Population density (people per sq. km of land area),EN.POP.DNST,128.604466501241,2014
22,Cote d'Ivoire,CIV,Population density (people per sq. km of land area),EN.POP.DNST,71.2190943396226,2014
28,"Gambia, The",GMB,Population density (people per sq. km of land area),EN.POP.DNST,200.003656126482,2014
34,Ghana,GHA,Population density (people per sq. km of land area),EN.POP.DNST,119.647007119627,2014
40,Guinea,GIN,Population density (people per sq. km of land area),EN.POP.DNST,45.3807992837376,2014
46,Guinea-Bissau,GNB,Population density (people per sq. km of land area),EN.POP.DNST,60.1860953058321,2014
52,Liberia,LBR,Population density (people per sq. km of land area),EN.POP.DNST,45.2606727574751,2014
58,Mali,MLI,Population density (people per sq. km of land area),EN.POP.DNST,13.8783410780288,2014
64,Niger,NER,Population density (people per sq. km of land area),EN.POP.DNST,15.189217652167,2014
70,Nigeria,NGA,Population density (people per sq. km of land area),EN.POP.DNST,193.687682949592,2014
76,Senegal,SEN,Population density (people per sq. km of land area),EN.POP.DNST,73.6235391886979,2014
82,Sierra Leone,SLE,Population density (people per sq. km of land area),EN.POP.DNST,97.2174147963425,2014
88,Togo,TGO,Population density (people per sq. km of land area),EN.POP.DNST,131.23730465159,2014
4,Burkina Faso,BFA,Population density (people per sq. km of land area),EN.POP.DNST,66.1937719298246,2015
10,Benin,BEN,Population density (people per sq. km of land area),EN.POP.DNST,93.7917878680383,2015
16,Cabo Verde,CPV,Population density (people per sq. km of land area),EN.POP.DNST,130.208436724566,2015
22,Cote d'Ivoire,CIV,Population density (people per sq. km of land area),EN.POP.DNST,73.0382012578616,2015
28,"Gambia, The",GMB,Population density (people per sq. km of land area),EN.POP.DNST,206.112648221344,2015
34,Ghana,GHA,Population density (people per sq. km of land area),EN.POP.DNST,122.392559549969,2015
40,Guinea,GIN,Population density (people per sq. km of land area),EN.POP.DNST,46.5248901188344,2015
46,Guinea-Bissau,GNB,Population density (people per sq. km of land area),EN.POP.DNST,61.7783428165007,2015
52,Liberia,LBR,Population density (people per sq. km of land area),EN.POP.DNST,46.4309489202658,2015
58,Mali,MLI,Population density (people per sq. km of land area),EN.POP.DNST,14.2918496299757,2015
64,Niger,NER,Population density (people per sq. km of land area),EN.POP.DNST,15.7903710428673,2015
70,Nigeria,NGA,Population density (people per sq. km of land area),EN.POP.DNST,198.883860908901,2015
76,Senegal,SEN,Population density (people per sq. km of land area),EN.POP.DNST,75.7204072092661,2015
82,Sierra Leone,SLE,Population density (people per sq. km of land area),EN.POP.DNST,99.3614436131893,2015
88,Togo,TGO,Population density (people per sq. km of land area),EN.POP.DNST,134.641698841699,2015
4,Burkina Faso,BFA,Population density (people per sq. km of land area),EN.POP.DNST,68.1518640350877,2016
10,Benin,BEN,Population density (people per sq. km of land area),EN.POP.DNST,96.4178077332387,2016
16,Cabo Verde,CPV,Population density (people per sq. km of land area),EN.POP.DNST,131.796526054591,2016
22,Cote d'Ivoire,CIV,Population density (people per sq. km of land area),EN.POP.DNST,74.9142327044025,2016
28,"Gambia, The",GMB,Population density (people per sq. km of land area),EN.POP.DNST,212.365019762846,2016
34,Ghana,GHA,Population density (people per sq. km of land area),EN.POP.DNST,125.1733629252,2016
40,Guinea,GIN,Population density (people per sq. km of land area),EN.POP.DNST,47.7715855445222,2016
46,Guinea-Bissau,GNB,Population density (people per sq. km of land area),EN.POP.DNST,63.3866998577525,2016
52,Liberia,LBR,Population density (people per sq. km of land area),EN.POP.DNST,47.6203073089701,2016
58,Mali,MLI,Population density (people per sq. km of land area),EN.POP.DNST,14.7234840475664,2016
64,Niger,NER,Population density (people per sq. km of land area),EN.POP.DNST,16.4117699534223,2016
70,Nigeria,NGA,Population density (people per sq. km of land area),EN.POP.DNST,204.179149510853,2016
76,Senegal,SEN,Population density (people per sq. km of land area),EN.POP.DNST,77.8762478574768,2016
82,Sierra Leone,SLE,Population density (people per sq. km of land area),EN.POP.DNST,101.535688556387,2016
88,Togo,TGO,Population density (people per sq. km of land area),EN.POP.DNST,138.075969847398,2016
4,Burkina Faso,BFA,Population density (people per sq. km of land area),EN.POP.DNST,70.150716374269,2017
10,Benin,BEN,Population density (people per sq. km of land area),EN.POP.DNST,99.1059950336999,2017
16,Cabo Verde,CPV,Population density (people per sq. km of land area),EN.POP.DNST,133.374441687345,2017
22,Cote d'Ivoire,CIV,Population density (people per sq. km of land area),EN.POP.DNST,76.8474056603774,2017
28,"Gambia, The",GMB,Population density (people per sq. km of land area),EN.POP.DNST,218.764822134387,2017
34,Ghana,GHA,Population density (people per sq. km of land area),EN.POP.DNST,127.983932495385,2017
40,Guinea,GIN,Population density (people per sq. km of land area),EN.POP.DNST,49.1108416083347,2017
46,Guinea-Bissau,GNB,Population density (people per sq. km of land area),EN.POP.DNST,65.0123044096728,2017
52,Liberia,LBR,Population density (people per sq. km of land area),EN.POP.DNST,48.8187707641196,2017
58,Mali,MLI,Population density (people per sq. km of land area),EN.POP.DNST,15.1717593161721,2017
64,Niger,NER,Population density (people per sq. km of land area),EN.POP.DNST,17.0540680508408,2017
70,Nigeria,NGA,Population density (people per sq. km of land area),EN.POP.DNST,209.573489464958,2017
76,Senegal,SEN,Population density (people per sq. km of land area),EN.POP.DNST,80.0880590037916,2017
82,Sierra Leone,SLE,Population density (people per sq. km of land area),EN.POP.DNST,103.746564145193,2017
88,Togo,TGO,Population density (people per sq. km of land area),EN.POP.DNST,141.54212171355,2017
4,Burkina Faso,BFA,Population density (people per sq. km of land area),EN.POP.DNST,72.1910307017544,2018
10,Benin,BEN,Population density (people per sq. km of land area),EN.POP.DNST,101.853804540617,2018
16,Cabo Verde,CPV,Population density (people per sq. km of land area),EN.POP.DNST,134.929032258065,2018
22,Cote d'Ivoire,CIV,Population density (people per sq. km of land area),EN.POP.DNST,78.8340440251572,2018
28,"Gambia, The",GMB,Population density (people per sq. km of land area),EN.POP.DNST,225.305533596838,2018
34,Ghana,GHA,Population density (people per sq. km of land area),EN.POP.DNST,130.821429199262,2018
40,Guinea,GIN,Population density (people per sq. km of land area),EN.POP.DNST,50.5221064626404,2018
46,Guinea-Bissau,GNB,Population density (people per sq. km of land area),EN.POP.DNST,66.6537695590327,2018
52,Liberia,LBR,Population density (people per sq. km of land area),EN.POP.DNST,50.0308970099668,2018
58,Mali,MLI,Population density (people per sq. km of land area),EN.POP.DNST,15.6350691285783,2018
64,Niger,NER,Population density (people per sq. km of land area),EN.POP.DNST,17.7175582221521,2018
70,Nigeria,NGA,Population density (people per sq. km of land area),EN.POP.DNST,215.064928576918,2018
76,Senegal,SEN,Population density (people per sq. km of land area),EN.POP.DNST,82.3472913312211,2018
82,Sierra Leone,SLE,Population density (people per sq. km of land area),EN.POP.DNST,105.987101690219,2018
88,Togo,TGO,Population density (people per sq. km of land area),EN.POP.DNST,145.046791689649,2018
4,Burkina Faso,BFA,Population density (people per sq. km of land area),EN.POP.DNST,74.2740606725146,2019
10,Benin,BEN,Population density (people per sq. km of land area),EN.POP.DNST,104.65724547712,2019
16,Cabo Verde,CPV,Population density (people per sq. km of land area),EN.POP.DNST,136.460545905707,2019
22,Cote d'Ivoire,CIV,Population density (people per sq. km of land area),EN.POP.DNST,80.8696666666667,2019
28,"Gambia, The",GMB,Population density (people per sq. km of land area),EN.POP.DNST,231.985770750988,2019
34,Ghana,GHA,Population density (people per sq. km of land area),EN.POP.DNST,133.681365913686,2019
40,Guinea,GIN,Population density (people per sq. km of land area),EN.POP.DNST,51.9747924466873,2019
46,Guinea-Bissau,GNB,Population density (people per sq. km of land area),EN.POP.DNST,68.3114153627312,2019
52,Liberia,LBR,Population density (people per sq. km of land area),EN.POP.DNST,51.2601121262459,2019
58,Mali,MLI,Population density (people per sq. km of land area),EN.POP.DNST,16.1106245748613,2019
64,Niger,NER,Population density (people per sq. km of land area),EN.POP.DNST,18.4027149285545,2019
70,Nigeria,NGA,Population density (people per sq. km of land area),EN.POP.DNST,220.652418283431,2019
76,Senegal,SEN,Population density (people per sq. km of land area),EN.POP.DNST,84.6432348205474,2019
82,Sierra Leone,SLE,Population density (people per sq. km of land area),EN.POP.DNST,108.246148517595,2019
88,Togo,TGO,Population density (people per sq. km of land area),EN.POP.DNST,148.600091928663,2019
4,Burkina Faso,BFA,Population density (people per sq. km of land area),EN.POP.DNST,76.4008698830409,2020
10,Benin,BEN,Population density (people per sq. km of land area),EN.POP.DNST,107.513284852785,2020
16,Cabo Verde,CPV,Population density (people per sq. km of land area),EN.POP.DNST,137.962282878412,2020
22,Cote d'Ivoire,CIV,Population density (people per sq. km of land area),EN.POP.DNST,82.9505503144654,2020
28,"Gambia, The",GMB,Population density (people per sq. km of land area),EN.POP.DNST,238.800790513834,2020
34,Ghana,GHA,Population density (people per sq. km of land area),EN.POP.DNST,136.560363013097,2020
40,Guinea,GIN,Population density (people per sq. km of land area),EN.POP.DNST,53.446166368224,2020
46,Guinea-Bissau,GNB,Population density (people per sq. km of land area),EN.POP.DNST,69.9857041251778,2020
52,Liberia,LBR,Population density (people per sq. km of land area),EN.POP.DNST,52.5091050664452,2020
58,Mali,MLI,Population density (people per sq. km of land area),EN.POP.DNST,16.5964595677722,2020
64,Niger,NER,Population density (people per sq. km of land area),EN.POP.DNST,19.1099992105471,2020
70,Nigeria,NGA,Population density (people per sq. km of land area),EN.POP.DNST,226.335504024068,2020
76,Senegal,SEN,Population density (people per sq. km of land area),EN.POP.DNST,86.9679011063211,2020
82,Sierra Leone,SLE,Population density (people per sq. km of land area),EN.POP.DNST,110.515170407315,2020
88,Togo,TGO,Population density (people per sq. km of land area),EN.POP.DNST,152.210645339217,2020
