,Country Name,Country Code,Series Name,Series Code,"Adjusted net enrollment rate, primary",Year
2,Burkina Faso,BFA,"Adjusted net enrollment rate, primary (% of primary school age children)",SE.PRM.TENR,10.48779,1972
8,Benin,BEN,"Adjusted net enrollment rate, primary (% of primary school age children)",SE.PRM.TENR,..,1972
14,Cabo Verde,CPV,"Adjusted net enrollment rate, primary (% of primary school age children)",SE.PRM.TENR,..,1972
20,Cote d'Ivoire,CIV,"Adjusted net enrollment rate, primary (% of primary school age children)",SE.PRM.TENR,..,1972
26,"Gambia, The",GMB,"Adjusted net enrollment rate, primary (% of primary school age children)",SE.PRM.TENR,20.81935,1972
32,Ghana,GHA,"Adjusted net enrollment rate, primary (% of primary school age children)",SE.PRM.TENR,..,1972
38,Guinea,GIN,"Adjusted net enrollment rate, primary (% of primary school age children)",SE.PRM.TENR,..,1972
44,Guinea-Bissau,GNB,"Adjusted net enrollment rate, primary (% of primary school age children)",SE.PRM.TENR,..,1972
50,Liberia,LBR,"Adjusted net enrollment rate, primary (% of primary school age children)",SE.PRM.TENR,..,1972
56,Mali,MLI,"Adjusted net enrollment rate, primary (% of primary school age children)",SE.PRM.TENR,17.69783,1972
62,Niger,NER,"Adjusted net enrollment rate, primary (% of primary school age children)",SE.PRM.TENR,..,1972
68,Nigeria,NGA,"Adjusted net enrollment rate, primary (% of primary school age children)",SE.PRM.TENR,..,1972
74,Senegal,SEN,"Adjusted net enrollment rate, primary (% of primary school age children)",SE.PRM.TENR,..,1972
80,Sierra Leone,SLE,"Adjusted net enrollment rate, primary (% of primary school age children)",SE.PRM.TENR,..,1972
86,Togo,TGO,"Adjusted net enrollment rate, primary (% of primary school age children)",SE.PRM.TENR,52.37885,1972
2,Burkina Faso,BFA,"Adjusted net enrollment rate, primary (% of primary school age children)",SE.PRM.TENR,..,1973
8,Benin,BEN,"Adjusted net enrollment rate, primary (% of primary school age children)",SE.PRM.TENR,..,1973
14,Cabo Verde,CPV,"Adjusted net enrollment rate, primary (% of primary school age children)",SE.PRM.TENR,..,1973
20,Cote d'Ivoire,CIV,"Adjusted net enrollment rate, primary (% of primary school age children)",SE.PRM.TENR,..,1973
26,"Gambia, The",GMB,"Adjusted net enrollment rate, primary (% of primary school age children)",SE.PRM.TENR,22.07092,1973
32,Ghana,GHA,"Adjusted net enrollment rate, primary (% of primary school age children)",SE.PRM.TENR,..,1973
38,Guinea,GIN,"Adjusted net enrollment rate, primary (% of primary school age children)",SE.PRM.TENR,..,1973
44,Guinea-Bissau,GNB,"Adjusted net enrollment rate, primary (% of primary school age children)",SE.PRM.TENR,..,1973
50,Liberia,LBR,"Adjusted net enrollment rate, primary (% of primary school age children)",SE.PRM.TENR,..,1973
56,Mali,MLI,"Adjusted net enrollment rate, primary (% of primary school age children)",SE.PRM.TENR,18.06894,1973
62,Niger,NER,"Adjusted net enrollment rate, primary (% of primary school age children)",SE.PRM.TENR,10.60855,1973
68,Nigeria,NGA,"Adjusted net enrollment rate, primary (% of primary school age children)",SE.PRM.TENR,..,1973
74,Senegal,SEN,"Adjusted net enrollment rate, primary (% of primary school age children)",SE.PRM.TENR,..,1973
80,Sierra Leone,SLE,"Adjusted net enrollment rate, primary (% of primary school age children)",SE.PRM.TENR,..,1973
86,Togo,TGO,"Adjusted net enrollment rate, primary (% of primary school age children)",SE.PRM.TENR,..,1973
2,Burkina Faso,BFA,"Adjusted net enrollment rate, primary (% of primary school age children)",SE.PRM.TENR,..,1974
8,Benin,BEN,"Adjusted net enrollment rate, primary (% of primary school age children)",SE.PRM.TENR,..,1974
14,Cabo Verde,CPV,"Adjusted net enrollment rate, primary (% of primary school age children)",SE.PRM.TENR,..,1974
20,Cote d'Ivoire,CIV,"Adjusted net enrollment rate, primary (% of primary school age children)",SE.PRM.TENR,..,1974
26,"Gambia, The",GMB,"Adjusted net enrollment rate, primary (% of primary school age children)",SE.PRM.TENR,22.54759,1974
32,Ghana,GHA,"Adjusted net enrollment rate, primary (% of primary school age children)",SE.PRM.TENR,..,1974
38,Guinea,GIN,"Adjusted net enrollment rate, primary (% of primary school age children)",SE.PRM.TENR,..,1974
44,Guinea-Bissau,GNB,"Adjusted net enrollment rate, primary (% of primary school age children)",SE.PRM.TENR,..,1974
50,Liberia,LBR,"Adjusted net enrollment rate, primary (% of primary school age children)",SE.PRM.TENR,..,1974
56,Mali,MLI,"Adjusted net enrollment rate, primary (% of primary school age children)",SE.PRM.TENR,20.54241,1974
62,Niger,NER,"Adjusted net enrollment rate, primary (% of primary school age children)",SE.PRM.TENR,11.13558,1974
68,Nigeria,NGA,"Adjusted net enrollment rate, primary (% of primary school age children)",SE.PRM.TENR,..,1974
74,Senegal,SEN,"Adjusted net enrollment rate, primary (% of primary school age children)",SE.PRM.TENR,..,1974
80,Sierra Leone,SLE,"Adjusted net enrollment rate, primary (% of primary school age children)",SE.PRM.TENR,..,1974
86,Togo,TGO,"Adjusted net enrollment rate, primary (% of primary school age children)",SE.PRM.TENR,..,1974
2,Burkina Faso,BFA,"Adjusted net enrollment rate, primary (% of primary school age children)",SE.PRM.TENR,..,1975
8,Benin,BEN,"Adjusted net enrollment rate, primary (% of primary school age children)",SE.PRM.TENR,..,1975
14,Cabo Verde,CPV,"Adjusted net enrollment rate, primary (% of primary school age children)",SE.PRM.TENR,..,1975
20,Cote d'Ivoire,CIV,"Adjusted net enrollment rate, primary (% of primary school age children)",SE.PRM.TENR,..,1975
26,"Gambia, The",GMB,"Adjusted net enrollment rate, primary (% of primary school age children)",SE.PRM.TENR,23.69834,1975
32,Ghana,GHA,"Adjusted net enrollment rate, primary (% of primary school age children)",SE.PRM.TENR,..,1975
38,Guinea,GIN,"Adjusted net enrollment rate, primary (% of primary school age children)",SE.PRM.TENR,..,1975
44,Guinea-Bissau,GNB,"Adjusted net enrollment rate, primary (% of primary school age children)",SE.PRM.TENR,..,1975
50,Liberia,LBR,"Adjusted net enrollment rate, primary (% of primary school age children)",SE.PRM.TENR,..,1975
56,Mali,MLI,"Adjusted net enrollment rate, primary (% of primary school age children)",SE.PRM.TENR,..,1975
62,Niger,NER,"Adjusted net enrollment rate, primary (% of primary school age children)",SE.PRM.TENR,..,1975
68,Nigeria,NGA,"Adjusted net enrollment rate, primary (% of primary school age children)",SE.PRM.TENR,..,1975
74,Senegal,SEN,"Adjusted net enrollment rate, primary (% of primary school age children)",SE.PRM.TENR,..,1975
80,Sierra Leone,SLE,"Adjusted net enrollment rate, primary (% of primary school age children)",SE.PRM.TENR,..,1975
86,Togo,TGO,"Adjusted net enrollment rate, primary (% of primary school age children)",SE.PRM.TENR,..,1975
2,Burkina Faso,BFA,"Adjusted net enrollment rate, primary (% of primary school age children)",SE.PRM.TENR,..,1976
8,Benin,BEN,"Adjusted net enrollment rate, primary (% of primary school age children)",SE.PRM.TENR,..,1976
14,Cabo Verde,CPV,"Adjusted net enrollment rate, primary (% of primary school age children)",SE.PRM.TENR,..,1976
20,Cote d'Ivoire,CIV,"Adjusted net enrollment rate, primary (% of primary school age children)",SE.PRM.TENR,..,1976
26,"Gambia, The",GMB,"Adjusted net enrollment rate, primary (% of primary school age children)",SE.PRM.TENR,25.22417,1976
32,Ghana,GHA,"Adjusted net enrollment rate, primary (% of primary school age children)",SE.PRM.TENR,..,1976
38,Guinea,GIN,"Adjusted net enrollment rate, primary (% of primary school age children)",SE.PRM.TENR,..,1976
44,Guinea-Bissau,GNB,"Adjusted net enrollment rate, primary (% of primary school age children)",SE.PRM.TENR,..,1976
50,Liberia,LBR,"Adjusted net enrollment rate, primary (% of primary school age children)",SE.PRM.TENR,..,1976
56,Mali,MLI,"Adjusted net enrollment rate, primary (% of primary school age children)",SE.PRM.TENR,..,1976
62,Niger,NER,"Adjusted net enrollment rate, primary (% of primary school age children)",SE.PRM.TENR,..,1976
68,Nigeria,NGA,"Adjusted net enrollment rate, primary (% of primary school age children)",SE.PRM.TENR,..,1976
74,Senegal,SEN,"Adjusted net enrollment rate, primary (% of primary school age children)",SE.PRM.TENR,..,1976
80,Sierra Leone,SLE,"Adjusted net enrollment rate, primary (% of primary school age children)",SE.PRM.TENR,..,1976
86,Togo,TGO,"Adjusted net enrollment rate, primary (% of primary school age children)",SE.PRM.TENR,..,1976
2,Burkina Faso,BFA,"Adjusted net enrollment rate, primary (% of primary school age children)",SE.PRM.TENR,12.55795,1977
8,Benin,BEN,"Adjusted net enrollment rate, primary (% of primary school age children)",SE.PRM.TENR,..,1977
14,Cabo Verde,CPV,"Adjusted net enrollment rate, primary (% of primary school age children)",SE.PRM.TENR,..,1977
20,Cote d'Ivoire,CIV,"Adjusted net enrollment rate, primary (% of primary school age children)",SE.PRM.TENR,50.85929,1977
26,"Gambia, The",GMB,"Adjusted net enrollment rate, primary (% of primary school age children)",SE.PRM.TENR,29.18221,1977
32,Ghana,GHA,"Adjusted net enrollment rate, primary (% of primary school age children)",SE.PRM.TENR,..,1977
38,Guinea,GIN,"Adjusted net enrollment rate, primary (% of primary school age children)",SE.PRM.TENR,..,1977
44,Guinea-Bissau,GNB,"Adjusted net enrollment rate, primary (% of primary school age children)",SE.PRM.TENR,..,1977
50,Liberia,LBR,"Adjusted net enrollment rate, primary (% of primary school age children)",SE.PRM.TENR,..,1977
56,Mali,MLI,"Adjusted net enrollment rate, primary (% of primary school age children)",SE.PRM.TENR,20.67197,1977
62,Niger,NER,"Adjusted net enrollment rate, primary (% of primary school age children)",SE.PRM.TENR,15.12498,1977
68,Nigeria,NGA,"Adjusted net enrollment rate, primary (% of primary school age children)",SE.PRM.TENR,..,1977
74,Senegal,SEN,"Adjusted net enrollment rate, primary (% of primary school age children)",SE.PRM.TENR,..,1977
80,Sierra Leone,SLE,"Adjusted net enrollment rate, primary (% of primary school age children)",SE.PRM.TENR,..,1977
86,Togo,TGO,"Adjusted net enrollment rate, primary (% of primary school age children)",SE.PRM.TENR,..,1977
2,Burkina Faso,BFA,"Adjusted net enrollment rate, primary (% of primary school age children)",SE.PRM.TENR,13.02682,1978
8,Benin,BEN,"Adjusted net enrollment rate, primary (% of primary school age children)",SE.PRM.TENR,..,1978
14,Cabo Verde,CPV,"Adjusted net enrollment rate, primary (% of primary school age children)",SE.PRM.TENR,..,1978
20,Cote d'Ivoire,CIV,"Adjusted net enrollment rate, primary (% of primary school age children)",SE.PRM.TENR,..,1978
26,"Gambia, The",GMB,"Adjusted net enrollment rate, primary (% of primary school age children)",SE.PRM.TENR,31.7409,1978
32,Ghana,GHA,"Adjusted net enrollment rate, primary (% of primary school age children)",SE.PRM.TENR,..,1978
38,Guinea,GIN,"Adjusted net enrollment rate, primary (% of primary school age children)",SE.PRM.TENR,..,1978
44,Guinea-Bissau,GNB,"Adjusted net enrollment rate, primary (% of primary school age children)",SE.PRM.TENR,..,1978
50,Liberia,LBR,"Adjusted net enrollment rate, primary (% of primary school age children)",SE.PRM.TENR,..,1978
56,Mali,MLI,"Adjusted net enrollment rate, primary (% of primary school age children)",SE.PRM.TENR,..,1978
62,Niger,NER,"Adjusted net enrollment rate, primary (% of primary school age children)",SE.PRM.TENR,16.14387,1978
68,Nigeria,NGA,"Adjusted net enrollment rate, primary (% of primary school age children)",SE.PRM.TENR,..,1978
74,Senegal,SEN,"Adjusted net enrollment rate, primary (% of primary school age children)",SE.PRM.TENR,30.79668,1978
80,Sierra Leone,SLE,"Adjusted net enrollment rate, primary (% of primary school age children)",SE.PRM.TENR,..,1978
86,Togo,TGO,"Adjusted net enrollment rate, primary (% of primary school age children)",SE.PRM.TENR,70.40387,1978
2,Burkina Faso,BFA,"Adjusted net enrollment rate, primary (% of primary school age children)",SE.PRM.TENR,13.5189,1979
8,Benin,BEN,"Adjusted net enrollment rate, primary (% of primary school age children)",SE.PRM.TENR,..,1979
14,Cabo Verde,CPV,"Adjusted net enrollment rate, primary (% of primary school age children)",SE.PRM.TENR,..,1979
20,Cote d'Ivoire,CIV,"Adjusted net enrollment rate, primary (% of primary school age children)",SE.PRM.TENR,..,1979
26,"Gambia, The",GMB,"Adjusted net enrollment rate, primary (% of primary school age children)",SE.PRM.TENR,35.70421,1979
32,Ghana,GHA,"Adjusted net enrollment rate, primary (% of primary school age children)",SE.PRM.TENR,..,1979
38,Guinea,GIN,"Adjusted net enrollment rate, primary (% of primary school age children)",SE.PRM.TENR,..,1979
44,Guinea-Bissau,GNB,"Adjusted net enrollment rate, primary (% of primary school age children)",SE.PRM.TENR,..,1979
50,Liberia,LBR,"Adjusted net enrollment rate, primary (% of primary school age children)",SE.PRM.TENR,..,1979
56,Mali,MLI,"Adjusted net enrollment rate, primary (% of primary school age children)",SE.PRM.TENR,..,1979
62,Niger,NER,"Adjusted net enrollment rate, primary (% of primary school age children)",SE.PRM.TENR,..,1979
68,Nigeria,NGA,"Adjusted net enrollment rate, primary (% of primary school age children)",SE.PRM.TENR,..,1979
74,Senegal,SEN,"Adjusted net enrollment rate, primary (% of primary school age children)",SE.PRM.TENR,33.37273,1979
80,Sierra Leone,SLE,"Adjusted net enrollment rate, primary (% of primary school age children)",SE.PRM.TENR,..,1979
86,Togo,TGO,"Adjusted net enrollment rate, primary (% of primary school age children)",SE.PRM.TENR,71.61063,1979
2,Burkina Faso,BFA,"Adjusted net enrollment rate, primary (% of primary school age children)",SE.PRM.TENR,14.30845,1980
8,Benin,BEN,"Adjusted net enrollment rate, primary (% of primary school age children)",SE.PRM.TENR,..,1980
14,Cabo Verde,CPV,"Adjusted net enrollment rate, primary (% of primary school age children)",SE.PRM.TENR,..,1980
20,Cote d'Ivoire,CIV,"Adjusted net enrollment rate, primary (% of primary school age children)",SE.PRM.TENR,..,1980
26,"Gambia, The",GMB,"Adjusted net enrollment rate, primary (% of primary school age children)",SE.PRM.TENR,40.40406,1980
32,Ghana,GHA,"Adjusted net enrollment rate, primary (% of primary school age children)",SE.PRM.TENR,..,1980
38,Guinea,GIN,"Adjusted net enrollment rate, primary (% of primary school age children)",SE.PRM.TENR,..,1980
44,Guinea-Bissau,GNB,"Adjusted net enrollment rate, primary (% of primary school age children)",SE.PRM.TENR,..,1980
50,Liberia,LBR,"Adjusted net enrollment rate, primary (% of primary school age children)",SE.PRM.TENR,..,1980
56,Mali,MLI,"Adjusted net enrollment rate, primary (% of primary school age children)",SE.PRM.TENR,..,1980
62,Niger,NER,"Adjusted net enrollment rate, primary (% of primary school age children)",SE.PRM.TENR,..,1980
68,Nigeria,NGA,"Adjusted net enrollment rate, primary (% of primary school age children)",SE.PRM.TENR,..,1980
74,Senegal,SEN,"Adjusted net enrollment rate, primary (% of primary school age children)",SE.PRM.TENR,34.55714,1980
80,Sierra Leone,SLE,"Adjusted net enrollment rate, primary (% of primary school age children)",SE.PRM.TENR,..,1980
86,Togo,TGO,"Adjusted net enrollment rate, primary (% of primary school age children)",SE.PRM.TENR,71.90201,1980
2,Burkina Faso,BFA,"Adjusted net enrollment rate, primary (% of primary school age children)",SE.PRM.TENR,15.32438,1981
8,Benin,BEN,"Adjusted net enrollment rate, primary (% of primary school age children)",SE.PRM.TENR,..,1981
14,Cabo Verde,CPV,"Adjusted net enrollment rate, primary (% of primary school age children)",SE.PRM.TENR,89.59942,1981
20,Cote d'Ivoire,CIV,"Adjusted net enrollment rate, primary (% of primary school age children)",SE.PRM.TENR,..,1981
26,"Gambia, The",GMB,"Adjusted net enrollment rate, primary (% of primary school age children)",SE.PRM.TENR,48.89858,1981
32,Ghana,GHA,"Adjusted net enrollment rate, primary (% of primary school age children)",SE.PRM.TENR,..,1981
38,Guinea,GIN,"Adjusted net enrollment rate, primary (% of primary school age children)",SE.PRM.TENR,..,1981
44,Guinea-Bissau,GNB,"Adjusted net enrollment rate, primary (% of primary school age children)",SE.PRM.TENR,44.68078,1981
50,Liberia,LBR,"Adjusted net enrollment rate, primary (% of primary school age children)",SE.PRM.TENR,..,1981
56,Mali,MLI,"Adjusted net enrollment rate, primary (% of primary school age children)",SE.PRM.TENR,..,1981
62,Niger,NER,"Adjusted net enrollment rate, primary (% of primary school age children)",SE.PRM.TENR,19.20413,1981
68,Nigeria,NGA,"Adjusted net enrollment rate, primary (% of primary school age children)",SE.PRM.TENR,..,1981
74,Senegal,SEN,"Adjusted net enrollment rate, primary (% of primary school age children)",SE.PRM.TENR,35.8958,1981
80,Sierra Leone,SLE,"Adjusted net enrollment rate, primary (% of primary school age children)",SE.PRM.TENR,..,1981
86,Togo,TGO,"Adjusted net enrollment rate, primary (% of primary school age children)",SE.PRM.TENR,..,1981
2,Burkina Faso,BFA,"Adjusted net enrollment rate, primary (% of primary school age children)",SE.PRM.TENR,16.8141,1982
8,Benin,BEN,"Adjusted net enrollment rate, primary (% of primary school age children)",SE.PRM.TENR,..,1982
14,Cabo Verde,CPV,"Adjusted net enrollment rate, primary (% of primary school age children)",SE.PRM.TENR,88.15434,1982
20,Cote d'Ivoire,CIV,"Adjusted net enrollment rate, primary (% of primary school age children)",SE.PRM.TENR,..,1982
26,"Gambia, The",GMB,"Adjusted net enrollment rate, primary (% of primary school age children)",SE.PRM.TENR,52.95195,1982
32,Ghana,GHA,"Adjusted net enrollment rate, primary (% of primary school age children)",SE.PRM.TENR,..,1982
38,Guinea,GIN,"Adjusted net enrollment rate, primary (% of primary school age children)",SE.PRM.TENR,..,1982
44,Guinea-Bissau,GNB,"Adjusted net enrollment rate, primary (% of primary school age children)",SE.PRM.TENR,53.60749,1982
50,Liberia,LBR,"Adjusted net enrollment rate, primary (% of primary school age children)",SE.PRM.TENR,..,1982
56,Mali,MLI,"Adjusted net enrollment rate, primary (% of primary school age children)",SE.PRM.TENR,..,1982
62,Niger,NER,"Adjusted net enrollment rate, primary (% of primary school age children)",SE.PRM.TENR,..,1982
68,Nigeria,NGA,"Adjusted net enrollment rate, primary (% of primary school age children)",SE.PRM.TENR,..,1982
74,Senegal,SEN,"Adjusted net enrollment rate, primary (% of primary school age children)",SE.PRM.TENR,37.68492,1982
80,Sierra Leone,SLE,"Adjusted net enrollment rate, primary (% of primary school age children)",SE.PRM.TENR,..,1982
86,Togo,TGO,"Adjusted net enrollment rate, primary (% of primary school age children)",SE.PRM.TENR,69.25949,1982
2,Burkina Faso,BFA,"Adjusted net enrollment rate, primary (% of primary school age children)",SE.PRM.TENR,18.08002,1983
8,Benin,BEN,"Adjusted net enrollment rate, primary (% of primary school age children)",SE.PRM.TENR,..,1983
14,Cabo Verde,CPV,"Adjusted net enrollment rate, primary (% of primary school age children)",SE.PRM.TENR,85.11353,1983
20,Cote d'Ivoire,CIV,"Adjusted net enrollment rate, primary (% of primary school age children)",SE.PRM.TENR,..,1983
26,"Gambia, The",GMB,"Adjusted net enrollment rate, primary (% of primary school age children)",SE.PRM.TENR,56.37778,1983
32,Ghana,GHA,"Adjusted net enrollment rate, primary (% of primary school age children)",SE.PRM.TENR,..,1983
38,Guinea,GIN,"Adjusted net enrollment rate, primary (% of primary school age children)",SE.PRM.TENR,..,1983
44,Guinea-Bissau,GNB,"Adjusted net enrollment rate, primary (% of primary school age children)",SE.PRM.TENR,..,1983
50,Liberia,LBR,"Adjusted net enrollment rate, primary (% of primary school age children)",SE.PRM.TENR,..,1983
56,Mali,MLI,"Adjusted net enrollment rate, primary (% of primary school age children)",SE.PRM.TENR,..,1983
62,Niger,NER,"Adjusted net enrollment rate, primary (% of primary school age children)",SE.PRM.TENR,..,1983
68,Nigeria,NGA,"Adjusted net enrollment rate, primary (% of primary school age children)",SE.PRM.TENR,..,1983
74,Senegal,SEN,"Adjusted net enrollment rate, primary (% of primary school age children)",SE.PRM.TENR,39.6866,1983
80,Sierra Leone,SLE,"Adjusted net enrollment rate, primary (% of primary school age children)",SE.PRM.TENR,44.55386,1983
86,Togo,TGO,"Adjusted net enrollment rate, primary (% of primary school age children)",SE.PRM.TENR,66.86987,1983
2,Burkina Faso,BFA,"Adjusted net enrollment rate, primary (% of primary school age children)",SE.PRM.TENR,19.42905,1984
8,Benin,BEN,"Adjusted net enrollment rate, primary (% of primary school age children)",SE.PRM.TENR,50.10471,1984
14,Cabo Verde,CPV,"Adjusted net enrollment rate, primary (% of primary school age children)",SE.PRM.TENR,91.68477,1984
20,Cote d'Ivoire,CIV,"Adjusted net enrollment rate, primary (% of primary school age children)",SE.PRM.TENR,..,1984
26,"Gambia, The",GMB,"Adjusted net enrollment rate, primary (% of primary school age children)",SE.PRM.TENR,58.14528,1984
32,Ghana,GHA,"Adjusted net enrollment rate, primary (% of primary school age children)",SE.PRM.TENR,..,1984
38,Guinea,GIN,"Adjusted net enrollment rate, primary (% of primary school age children)",SE.PRM.TENR,24.83169,1984
44,Guinea-Bissau,GNB,"Adjusted net enrollment rate, primary (% of primary school age children)",SE.PRM.TENR,50.50885,1984
50,Liberia,LBR,"Adjusted net enrollment rate, primary (% of primary school age children)",SE.PRM.TENR,..,1984
56,Mali,MLI,"Adjusted net enrollment rate, primary (% of primary school age children)",SE.PRM.TENR,..,1984
62,Niger,NER,"Adjusted net enrollment rate, primary (% of primary school age children)",SE.PRM.TENR,..,1984
68,Nigeria,NGA,"Adjusted net enrollment rate, primary (% of primary school age children)",SE.PRM.TENR,..,1984
74,Senegal,SEN,"Adjusted net enrollment rate, primary (% of primary school age children)",SE.PRM.TENR,40.5414,1984
80,Sierra Leone,SLE,"Adjusted net enrollment rate, primary (% of primary school age children)",SE.PRM.TENR,..,1984
86,Togo,TGO,"Adjusted net enrollment rate, primary (% of primary school age children)",SE.PRM.TENR,59.87843,1984
2,Burkina Faso,BFA,"Adjusted net enrollment rate, primary (% of primary school age children)",SE.PRM.TENR,21.48462,1985
8,Benin,BEN,"Adjusted net enrollment rate, primary (% of primary school age children)",SE.PRM.TENR,50.83997,1985
14,Cabo Verde,CPV,"Adjusted net enrollment rate, primary (% of primary school age children)",SE.PRM.TENR,94.56526,1985
20,Cote d'Ivoire,CIV,"Adjusted net enrollment rate, primary (% of primary school age children)",SE.PRM.TENR,..,1985
26,"Gambia, The",GMB,"Adjusted net enrollment rate, primary (% of primary school age children)",SE.PRM.TENR,60.93532,1985
32,Ghana,GHA,"Adjusted net enrollment rate, primary (% of primary school age children)",SE.PRM.TENR,..,1985
38,Guinea,GIN,"Adjusted net enrollment rate, primary (% of primary school age children)",SE.PRM.TENR,27.59924,1985
44,Guinea-Bissau,GNB,"Adjusted net enrollment rate, primary (% of primary school age children)",SE.PRM.TENR,49.97589,1985
50,Liberia,LBR,"Adjusted net enrollment rate, primary (% of primary school age children)",SE.PRM.TENR,..,1985
56,Mali,MLI,"Adjusted net enrollment rate, primary (% of primary school age children)",SE.PRM.TENR,..,1985
62,Niger,NER,"Adjusted net enrollment rate, primary (% of primary school age children)",SE.PRM.TENR,..,1985
68,Nigeria,NGA,"Adjusted net enrollment rate, primary (% of primary school age children)",SE.PRM.TENR,..,1985
74,Senegal,SEN,"Adjusted net enrollment rate, primary (% of primary school age children)",SE.PRM.TENR,41.26483,1985
80,Sierra Leone,SLE,"Adjusted net enrollment rate, primary (% of primary school age children)",SE.PRM.TENR,..,1985
86,Togo,TGO,"Adjusted net enrollment rate, primary (% of primary school age children)",SE.PRM.TENR,58.02037,1985
2,Burkina Faso,BFA,"Adjusted net enrollment rate, primary (% of primary school age children)",SE.PRM.TENR,23.48546,1986
8,Benin,BEN,"Adjusted net enrollment rate, primary (% of primary school age children)",SE.PRM.TENR,48.90028,1986
14,Cabo Verde,CPV,"Adjusted net enrollment rate, primary (% of primary school age children)",SE.PRM.TENR,95.87482,1986
20,Cote d'Ivoire,CIV,"Adjusted net enrollment rate, primary (% of primary school age children)",SE.PRM.TENR,..,1986
26,"Gambia, The",GMB,"Adjusted net enrollment rate, primary (% of primary school age children)",SE.PRM.TENR,60.64459,1986
32,Ghana,GHA,"Adjusted net enrollment rate, primary (% of primary school age children)",SE.PRM.TENR,..,1986
38,Guinea,GIN,"Adjusted net enrollment rate, primary (% of primary school age children)",SE.PRM.TENR,25.54254,1986
44,Guinea-Bissau,GNB,"Adjusted net enrollment rate, primary (% of primary school age children)",SE.PRM.TENR,..,1986
50,Liberia,LBR,"Adjusted net enrollment rate, primary (% of primary school age children)",SE.PRM.TENR,..,1986
56,Mali,MLI,"Adjusted net enrollment rate, primary (% of primary school age children)",SE.PRM.TENR,..,1986
62,Niger,NER,"Adjusted net enrollment rate, primary (% of primary school age children)",SE.PRM.TENR,23.33992,1986
68,Nigeria,NGA,"Adjusted net enrollment rate, primary (% of primary school age children)",SE.PRM.TENR,..,1986
74,Senegal,SEN,"Adjusted net enrollment rate, primary (% of primary school age children)",SE.PRM.TENR,45.90351,1986
80,Sierra Leone,SLE,"Adjusted net enrollment rate, primary (% of primary school age children)",SE.PRM.TENR,..,1986
86,Togo,TGO,"Adjusted net enrollment rate, primary (% of primary school age children)",SE.PRM.TENR,53.56068,1986
2,Burkina Faso,BFA,"Adjusted net enrollment rate, primary (% of primary school age children)",SE.PRM.TENR,25.13819,1987
8,Benin,BEN,"Adjusted net enrollment rate, primary (% of primary school age children)",SE.PRM.TENR,..,1987
14,Cabo Verde,CPV,"Adjusted net enrollment rate, primary (% of primary school age children)",SE.PRM.TENR,97.08417,1987
20,Cote d'Ivoire,CIV,"Adjusted net enrollment rate, primary (% of primary school age children)",SE.PRM.TENR,..,1987
26,"Gambia, The",GMB,"Adjusted net enrollment rate, primary (% of primary school age children)",SE.PRM.TENR,..,1987
32,Ghana,GHA,"Adjusted net enrollment rate, primary (% of primary school age children)",SE.PRM.TENR,..,1987
38,Guinea,GIN,"Adjusted net enrollment rate, primary (% of primary school age children)",SE.PRM.TENR,23.66751,1987
44,Guinea-Bissau,GNB,"Adjusted net enrollment rate, primary (% of primary school age children)",SE.PRM.TENR,41.01244,1987
50,Liberia,LBR,"Adjusted net enrollment rate, primary (% of primary school age children)",SE.PRM.TENR,..,1987
56,Mali,MLI,"Adjusted net enrollment rate, primary (% of primary school age children)",SE.PRM.TENR,..,1987
62,Niger,NER,"Adjusted net enrollment rate, primary (% of primary school age children)",SE.PRM.TENR,..,1987
68,Nigeria,NGA,"Adjusted net enrollment rate, primary (% of primary school age children)",SE.PRM.TENR,..,1987
74,Senegal,SEN,"Adjusted net enrollment rate, primary (% of primary school age children)",SE.PRM.TENR,..,1987
80,Sierra Leone,SLE,"Adjusted net enrollment rate, primary (% of primary school age children)",SE.PRM.TENR,..,1987
86,Togo,TGO,"Adjusted net enrollment rate, primary (% of primary school age children)",SE.PRM.TENR,62.64358,1987
2,Burkina Faso,BFA,"Adjusted net enrollment rate, primary (% of primary school age children)",SE.PRM.TENR,25.62197,1988
8,Benin,BEN,"Adjusted net enrollment rate, primary (% of primary school age children)",SE.PRM.TENR,48.44376,1988
14,Cabo Verde,CPV,"Adjusted net enrollment rate, primary (% of primary school age children)",SE.PRM.TENR,99.55368,1988
20,Cote d'Ivoire,CIV,"Adjusted net enrollment rate, primary (% of primary school age children)",SE.PRM.TENR,..,1988
26,"Gambia, The",GMB,"Adjusted net enrollment rate, primary (% of primary school age children)",SE.PRM.TENR,..,1988
32,Ghana,GHA,"Adjusted net enrollment rate, primary (% of primary school age children)",SE.PRM.TENR,..,1988
38,Guinea,GIN,"Adjusted net enrollment rate, primary (% of primary school age children)",SE.PRM.TENR,24.57839,1988
44,Guinea-Bissau,GNB,"Adjusted net enrollment rate, primary (% of primary school age children)",SE.PRM.TENR,39.54844,1988
50,Liberia,LBR,"Adjusted net enrollment rate, primary (% of primary school age children)",SE.PRM.TENR,..,1988
56,Mali,MLI,"Adjusted net enrollment rate, primary (% of primary school age children)",SE.PRM.TENR,..,1988
62,Niger,NER,"Adjusted net enrollment rate, primary (% of primary school age children)",SE.PRM.TENR,..,1988
68,Nigeria,NGA,"Adjusted net enrollment rate, primary (% of primary school age children)",SE.PRM.TENR,..,1988
74,Senegal,SEN,"Adjusted net enrollment rate, primary (% of primary school age children)",SE.PRM.TENR,46.55237,1988
80,Sierra Leone,SLE,"Adjusted net enrollment rate, primary (% of primary school age children)",SE.PRM.TENR,..,1988
86,Togo,TGO,"Adjusted net enrollment rate, primary (% of primary school age children)",SE.PRM.TENR,63.0018,1988
2,Burkina Faso,BFA,"Adjusted net enrollment rate, primary (% of primary school age children)",SE.PRM.TENR,25.91472,1989
8,Benin,BEN,"Adjusted net enrollment rate, primary (% of primary school age children)",SE.PRM.TENR,48.92716,1989
14,Cabo Verde,CPV,"Adjusted net enrollment rate, primary (% of primary school age children)",SE.PRM.TENR,..,1989
20,Cote d'Ivoire,CIV,"Adjusted net enrollment rate, primary (% of primary school age children)",SE.PRM.TENR,..,1989
26,"Gambia, The",GMB,"Adjusted net enrollment rate, primary (% of primary school age children)",SE.PRM.TENR,..,1989
32,Ghana,GHA,"Adjusted net enrollment rate, primary (% of primary school age children)",SE.PRM.TENR,..,1989
38,Guinea,GIN,"Adjusted net enrollment rate, primary (% of primary school age children)",SE.PRM.TENR,24.47122,1989
44,Guinea-Bissau,GNB,"Adjusted net enrollment rate, primary (% of primary school age children)",SE.PRM.TENR,..,1989
50,Liberia,LBR,"Adjusted net enrollment rate, primary (% of primary school age children)",SE.PRM.TENR,..,1989
56,Mali,MLI,"Adjusted net enrollment rate, primary (% of primary school age children)",SE.PRM.TENR,..,1989
62,Niger,NER,"Adjusted net enrollment rate, primary (% of primary school age children)",SE.PRM.TENR,22.57018,1989
68,Nigeria,NGA,"Adjusted net enrollment rate, primary (% of primary school age children)",SE.PRM.TENR,..,1989
74,Senegal,SEN,"Adjusted net enrollment rate, primary (% of primary school age children)",SE.PRM.TENR,45.73823,1989
80,Sierra Leone,SLE,"Adjusted net enrollment rate, primary (% of primary school age children)",SE.PRM.TENR,..,1989
86,Togo,TGO,"Adjusted net enrollment rate, primary (% of primary school age children)",SE.PRM.TENR,63.21882,1989
2,Burkina Faso,BFA,"Adjusted net enrollment rate, primary (% of primary school age children)",SE.PRM.TENR,..,1990
8,Benin,BEN,"Adjusted net enrollment rate, primary (% of primary school age children)",SE.PRM.TENR,39.50607,1990
14,Cabo Verde,CPV,"Adjusted net enrollment rate, primary (% of primary school age children)",SE.PRM.TENR,99.20278,1990
20,Cote d'Ivoire,CIV,"Adjusted net enrollment rate, primary (% of primary school age children)",SE.PRM.TENR,..,1990
26,"Gambia, The",GMB,"Adjusted net enrollment rate, primary (% of primary school age children)",SE.PRM.TENR,49.01772,1990
32,Ghana,GHA,"Adjusted net enrollment rate, primary (% of primary school age children)",SE.PRM.TENR,..,1990
38,Guinea,GIN,"Adjusted net enrollment rate, primary (% of primary school age children)",SE.PRM.TENR,23.80892,1990
44,Guinea-Bissau,GNB,"Adjusted net enrollment rate, primary (% of primary school age children)",SE.PRM.TENR,..,1990
50,Liberia,LBR,"Adjusted net enrollment rate, primary (% of primary school age children)",SE.PRM.TENR,..,1990
56,Mali,MLI,"Adjusted net enrollment rate, primary (% of primary school age children)",SE.PRM.TENR,..,1990
62,Niger,NER,"Adjusted net enrollment rate, primary (% of primary school age children)",SE.PRM.TENR,22.9095,1990
68,Nigeria,NGA,"Adjusted net enrollment rate, primary (% of primary school age children)",SE.PRM.TENR,..,1990
74,Senegal,SEN,"Adjusted net enrollment rate, primary (% of primary school age children)",SE.PRM.TENR,44.89651,1990
80,Sierra Leone,SLE,"Adjusted net enrollment rate, primary (% of primary school age children)",SE.PRM.TENR,..,1990
86,Togo,TGO,"Adjusted net enrollment rate, primary (% of primary school age children)",SE.PRM.TENR,64.38609,1990
2,Burkina Faso,BFA,"Adjusted net enrollment rate, primary (% of primary school age children)",SE.PRM.TENR,27.18227,1991
8,Benin,BEN,"Adjusted net enrollment rate, primary (% of primary school age children)",SE.PRM.TENR,..,1991
14,Cabo Verde,CPV,"Adjusted net enrollment rate, primary (% of primary school age children)",SE.PRM.TENR,..,1991
20,Cote d'Ivoire,CIV,"Adjusted net enrollment rate, primary (% of primary school age children)",SE.PRM.TENR,49.10346,1991
26,"Gambia, The",GMB,"Adjusted net enrollment rate, primary (% of primary school age children)",SE.PRM.TENR,..,1991
32,Ghana,GHA,"Adjusted net enrollment rate, primary (% of primary school age children)",SE.PRM.TENR,..,1991
38,Guinea,GIN,"Adjusted net enrollment rate, primary (% of primary school age children)",SE.PRM.TENR,25.84697,1991
44,Guinea-Bissau,GNB,"Adjusted net enrollment rate, primary (% of primary school age children)",SE.PRM.TENR,..,1991
50,Liberia,LBR,"Adjusted net enrollment rate, primary (% of primary school age children)",SE.PRM.TENR,..,1991
56,Mali,MLI,"Adjusted net enrollment rate, primary (% of primary school age children)",SE.PRM.TENR,..,1991
62,Niger,NER,"Adjusted net enrollment rate, primary (% of primary school age children)",SE.PRM.TENR,23.5063,1991
68,Nigeria,NGA,"Adjusted net enrollment rate, primary (% of primary school age children)",SE.PRM.TENR,..,1991
74,Senegal,SEN,"Adjusted net enrollment rate, primary (% of primary school age children)",SE.PRM.TENR,..,1991
80,Sierra Leone,SLE,"Adjusted net enrollment rate, primary (% of primary school age children)",SE.PRM.TENR,..,1991
86,Togo,TGO,"Adjusted net enrollment rate, primary (% of primary school age children)",SE.PRM.TENR,66.91344,1991
2,Burkina Faso,BFA,"Adjusted net enrollment rate, primary (% of primary school age children)",SE.PRM.TENR,27.70352,1992
8,Benin,BEN,"Adjusted net enrollment rate, primary (% of primary school age children)",SE.PRM.TENR,49.21298,1992
14,Cabo Verde,CPV,"Adjusted net enrollment rate, primary (% of primary school age children)",SE.PRM.TENR,..,1992
20,Cote d'Ivoire,CIV,"Adjusted net enrollment rate, primary (% of primary school age children)",SE.PRM.TENR,49.3883,1992
26,"Gambia, The",GMB,"Adjusted net enrollment rate, primary (% of primary school age children)",SE.PRM.TENR,47.82232,1992
32,Ghana,GHA,"Adjusted net enrollment rate, primary (% of primary school age children)",SE.PRM.TENR,..,1992
38,Guinea,GIN,"Adjusted net enrollment rate, primary (% of primary school age children)",SE.PRM.TENR,..,1992
44,Guinea-Bissau,GNB,"Adjusted net enrollment rate, primary (% of primary school age children)",SE.PRM.TENR,..,1992
50,Liberia,LBR,"Adjusted net enrollment rate, primary (% of primary school age children)",SE.PRM.TENR,..,1992
56,Mali,MLI,"Adjusted net enrollment rate, primary (% of primary school age children)",SE.PRM.TENR,..,1992
62,Niger,NER,"Adjusted net enrollment rate, primary (% of primary school age children)",SE.PRM.TENR,21.42369,1992
68,Nigeria,NGA,"Adjusted net enrollment rate, primary (% of primary school age children)",SE.PRM.TENR,..,1992
74,Senegal,SEN,"Adjusted net enrollment rate, primary (% of primary school age children)",SE.PRM.TENR,44.35208,1992
80,Sierra Leone,SLE,"Adjusted net enrollment rate, primary (% of primary school age children)",SE.PRM.TENR,..,1992
86,Togo,TGO,"Adjusted net enrollment rate, primary (% of primary school age children)",SE.PRM.TENR,..,1992
2,Burkina Faso,BFA,"Adjusted net enrollment rate, primary (% of primary school age children)",SE.PRM.TENR,28.68706,1993
8,Benin,BEN,"Adjusted net enrollment rate, primary (% of primary school age children)",SE.PRM.TENR,53.21355,1993
14,Cabo Verde,CPV,"Adjusted net enrollment rate, primary (% of primary school age children)",SE.PRM.TENR,..,1993
20,Cote d'Ivoire,CIV,"Adjusted net enrollment rate, primary (% of primary school age children)",SE.PRM.TENR,..,1993
26,"Gambia, The",GMB,"Adjusted net enrollment rate, primary (% of primary school age children)",SE.PRM.TENR,51.04922,1993
32,Ghana,GHA,"Adjusted net enrollment rate, primary (% of primary school age children)",SE.PRM.TENR,..,1993
38,Guinea,GIN,"Adjusted net enrollment rate, primary (% of primary school age children)",SE.PRM.TENR,..,1993
44,Guinea-Bissau,GNB,"Adjusted net enrollment rate, primary (% of primary school age children)",SE.PRM.TENR,..,1993
50,Liberia,LBR,"Adjusted net enrollment rate, primary (% of primary school age children)",SE.PRM.TENR,..,1993
56,Mali,MLI,"Adjusted net enrollment rate, primary (% of primary school age children)",SE.PRM.TENR,..,1993
62,Niger,NER,"Adjusted net enrollment rate, primary (% of primary school age children)",SE.PRM.TENR,..,1993
68,Nigeria,NGA,"Adjusted net enrollment rate, primary (% of primary school age children)",SE.PRM.TENR,..,1993
74,Senegal,SEN,"Adjusted net enrollment rate, primary (% of primary school age children)",SE.PRM.TENR,..,1993
80,Sierra Leone,SLE,"Adjusted net enrollment rate, primary (% of primary school age children)",SE.PRM.TENR,..,1993
86,Togo,TGO,"Adjusted net enrollment rate, primary (% of primary school age children)",SE.PRM.TENR,..,1993
2,Burkina Faso,BFA,"Adjusted net enrollment rate, primary (% of primary school age children)",SE.PRM.TENR,29.91303,1994
8,Benin,BEN,"Adjusted net enrollment rate, primary (% of primary school age children)",SE.PRM.TENR,54.48041,1994
14,Cabo Verde,CPV,"Adjusted net enrollment rate, primary (% of primary school age children)",SE.PRM.TENR,99.14782,1994
20,Cote d'Ivoire,CIV,"Adjusted net enrollment rate, primary (% of primary school age children)",SE.PRM.TENR,..,1994
26,"Gambia, The",GMB,"Adjusted net enrollment rate, primary (% of primary school age children)",SE.PRM.TENR,..,1994
32,Ghana,GHA,"Adjusted net enrollment rate, primary (% of primary school age children)",SE.PRM.TENR,..,1994
38,Guinea,GIN,"Adjusted net enrollment rate, primary (% of primary school age children)",SE.PRM.TENR,..,1994
44,Guinea-Bissau,GNB,"Adjusted net enrollment rate, primary (% of primary school age children)",SE.PRM.TENR,..,1994
50,Liberia,LBR,"Adjusted net enrollment rate, primary (% of primary school age children)",SE.PRM.TENR,..,1994
56,Mali,MLI,"Adjusted net enrollment rate, primary (% of primary school age children)",SE.PRM.TENR,..,1994
62,Niger,NER,"Adjusted net enrollment rate, primary (% of primary school age children)",SE.PRM.TENR,..,1994
68,Nigeria,NGA,"Adjusted net enrollment rate, primary (% of primary school age children)",SE.PRM.TENR,..,1994
74,Senegal,SEN,"Adjusted net enrollment rate, primary (% of primary school age children)",SE.PRM.TENR,45.11194,1994
80,Sierra Leone,SLE,"Adjusted net enrollment rate, primary (% of primary school age children)",SE.PRM.TENR,..,1994
86,Togo,TGO,"Adjusted net enrollment rate, primary (% of primary school age children)",SE.PRM.TENR,63.24378,1994
2,Burkina Faso,BFA,"Adjusted net enrollment rate, primary (% of primary school age children)",SE.PRM.TENR,31.53515,1995
8,Benin,BEN,"Adjusted net enrollment rate, primary (% of primary school age children)",SE.PRM.TENR,56.8919,1995
14,Cabo Verde,CPV,"Adjusted net enrollment rate, primary (% of primary school age children)",SE.PRM.TENR,..,1995
20,Cote d'Ivoire,CIV,"Adjusted net enrollment rate, primary (% of primary school age children)",SE.PRM.TENR,..,1995
26,"Gambia, The",GMB,"Adjusted net enrollment rate, primary (% of primary school age children)",SE.PRM.TENR,..,1995
32,Ghana,GHA,"Adjusted net enrollment rate, primary (% of primary school age children)",SE.PRM.TENR,..,1995
38,Guinea,GIN,"Adjusted net enrollment rate, primary (% of primary school age children)",SE.PRM.TENR,..,1995
44,Guinea-Bissau,GNB,"Adjusted net enrollment rate, primary (% of primary school age children)",SE.PRM.TENR,..,1995
50,Liberia,LBR,"Adjusted net enrollment rate, primary (% of primary school age children)",SE.PRM.TENR,..,1995
56,Mali,MLI,"Adjusted net enrollment rate, primary (% of primary school age children)",SE.PRM.TENR,..,1995
62,Niger,NER,"Adjusted net enrollment rate, primary (% of primary school age children)",SE.PRM.TENR,..,1995
68,Nigeria,NGA,"Adjusted net enrollment rate, primary (% of primary school age children)",SE.PRM.TENR,..,1995
74,Senegal,SEN,"Adjusted net enrollment rate, primary (% of primary school age children)",SE.PRM.TENR,..,1995
80,Sierra Leone,SLE,"Adjusted net enrollment rate, primary (% of primary school age children)",SE.PRM.TENR,..,1995
86,Togo,TGO,"Adjusted net enrollment rate, primary (% of primary school age children)",SE.PRM.TENR,72.19138,1995
2,Burkina Faso,BFA,"Adjusted net enrollment rate, primary (% of primary school age children)",SE.PRM.TENR,..,1996
8,Benin,BEN,"Adjusted net enrollment rate, primary (% of primary school age children)",SE.PRM.TENR,59.11845,1996
14,Cabo Verde,CPV,"Adjusted net enrollment rate, primary (% of primary school age children)",SE.PRM.TENR,..,1996
20,Cote d'Ivoire,CIV,"Adjusted net enrollment rate, primary (% of primary school age children)",SE.PRM.TENR,54.68437,1996
26,"Gambia, The",GMB,"Adjusted net enrollment rate, primary (% of primary school age children)",SE.PRM.TENR,58.232,1996
32,Ghana,GHA,"Adjusted net enrollment rate, primary (% of primary school age children)",SE.PRM.TENR,..,1996
38,Guinea,GIN,"Adjusted net enrollment rate, primary (% of primary school age children)",SE.PRM.TENR,..,1996
44,Guinea-Bissau,GNB,"Adjusted net enrollment rate, primary (% of primary school age children)",SE.PRM.TENR,..,1996
50,Liberia,LBR,"Adjusted net enrollment rate, primary (% of primary school age children)",SE.PRM.TENR,..,1996
56,Mali,MLI,"Adjusted net enrollment rate, primary (% of primary school age children)",SE.PRM.TENR,..,1996
62,Niger,NER,"Adjusted net enrollment rate, primary (% of primary school age children)",SE.PRM.TENR,..,1996
68,Nigeria,NGA,"Adjusted net enrollment rate, primary (% of primary school age children)",SE.PRM.TENR,..,1996
74,Senegal,SEN,"Adjusted net enrollment rate, primary (% of primary school age children)",SE.PRM.TENR,49.56361,1996
80,Sierra Leone,SLE,"Adjusted net enrollment rate, primary (% of primary school age children)",SE.PRM.TENR,..,1996
86,Togo,TGO,"Adjusted net enrollment rate, primary (% of primary school age children)",SE.PRM.TENR,79.91571,1996
2,Burkina Faso,BFA,"Adjusted net enrollment rate, primary (% of primary school age children)",SE.PRM.TENR,..,1997
8,Benin,BEN,"Adjusted net enrollment rate, primary (% of primary school age children)",SE.PRM.TENR,62.47886,1997
14,Cabo Verde,CPV,"Adjusted net enrollment rate, primary (% of primary school age children)",SE.PRM.TENR,..,1997
20,Cote d'Ivoire,CIV,"Adjusted net enrollment rate, primary (% of primary school age children)",SE.PRM.TENR,55.69958,1997
26,"Gambia, The",GMB,"Adjusted net enrollment rate, primary (% of primary school age children)",SE.PRM.TENR,..,1997
32,Ghana,GHA,"Adjusted net enrollment rate, primary (% of primary school age children)",SE.PRM.TENR,..,1997
38,Guinea,GIN,"Adjusted net enrollment rate, primary (% of primary school age children)",SE.PRM.TENR,..,1997
44,Guinea-Bissau,GNB,"Adjusted net enrollment rate, primary (% of primary school age children)",SE.PRM.TENR,..,1997
50,Liberia,LBR,"Adjusted net enrollment rate, primary (% of primary school age children)",SE.PRM.TENR,..,1997
56,Mali,MLI,"Adjusted net enrollment rate, primary (% of primary school age children)",SE.PRM.TENR,..,1997
62,Niger,NER,"Adjusted net enrollment rate, primary (% of primary school age children)",SE.PRM.TENR,24.02891,1997
68,Nigeria,NGA,"Adjusted net enrollment rate, primary (% of primary school age children)",SE.PRM.TENR,..,1997
74,Senegal,SEN,"Adjusted net enrollment rate, primary (% of primary school age children)",SE.PRM.TENR,53.91847,1997
80,Sierra Leone,SLE,"Adjusted net enrollment rate, primary (% of primary school age children)",SE.PRM.TENR,..,1997
86,Togo,TGO,"Adjusted net enrollment rate, primary (% of primary school age children)",SE.PRM.TENR,77.78246,1997
2,Burkina Faso,BFA,"Adjusted net enrollment rate, primary (% of primary school age children)",SE.PRM.TENR,34.98034,1998
8,Benin,BEN,"Adjusted net enrollment rate, primary (% of primary school age children)",SE.PRM.TENR,..,1998
14,Cabo Verde,CPV,"Adjusted net enrollment rate, primary (% of primary school age children)",SE.PRM.TENR,99.82899,1998
20,Cote d'Ivoire,CIV,"Adjusted net enrollment rate, primary (% of primary school age children)",SE.PRM.TENR,..,1998
26,"Gambia, The",GMB,"Adjusted net enrollment rate, primary (% of primary school age children)",SE.PRM.TENR,58.89308,1998
32,Ghana,GHA,"Adjusted net enrollment rate, primary (% of primary school age children)",SE.PRM.TENR,..,1998
38,Guinea,GIN,"Adjusted net enrollment rate, primary (% of primary school age children)",SE.PRM.TENR,40.86318,1998
44,Guinea-Bissau,GNB,"Adjusted net enrollment rate, primary (% of primary school age children)",SE.PRM.TENR,..,1998
50,Liberia,LBR,"Adjusted net enrollment rate, primary (% of primary school age children)",SE.PRM.TENR,..,1998
56,Mali,MLI,"Adjusted net enrollment rate, primary (% of primary school age children)",SE.PRM.TENR,..,1998
62,Niger,NER,"Adjusted net enrollment rate, primary (% of primary school age children)",SE.PRM.TENR,24.37682,1998
68,Nigeria,NGA,"Adjusted net enrollment rate, primary (% of primary school age children)",SE.PRM.TENR,..,1998
74,Senegal,SEN,"Adjusted net enrollment rate, primary (% of primary school age children)",SE.PRM.TENR,56.60291,1998
80,Sierra Leone,SLE,"Adjusted net enrollment rate, primary (% of primary school age children)",SE.PRM.TENR,..,1998
86,Togo,TGO,"Adjusted net enrollment rate, primary (% of primary school age children)",SE.PRM.TENR,..,1998
2,Burkina Faso,BFA,"Adjusted net enrollment rate, primary (% of primary school age children)",SE.PRM.TENR,35.51457,1999
8,Benin,BEN,"Adjusted net enrollment rate, primary (% of primary school age children)",SE.PRM.TENR,..,1999
14,Cabo Verde,CPV,"Adjusted net enrollment rate, primary (% of primary school age children)",SE.PRM.TENR,..,1999
20,Cote d'Ivoire,CIV,"Adjusted net enrollment rate, primary (% of primary school age children)",SE.PRM.TENR,57.5195,1999
26,"Gambia, The",GMB,"Adjusted net enrollment rate, primary (% of primary school age children)",SE.PRM.TENR,67.98373,1999
32,Ghana,GHA,"Adjusted net enrollment rate, primary (% of primary school age children)",SE.PRM.TENR,59.79537,1999
38,Guinea,GIN,"Adjusted net enrollment rate, primary (% of primary school age children)",SE.PRM.TENR,43.00455,1999
44,Guinea-Bissau,GNB,"Adjusted net enrollment rate, primary (% of primary school age children)",SE.PRM.TENR,..,1999
50,Liberia,LBR,"Adjusted net enrollment rate, primary (% of primary school age children)",SE.PRM.TENR,48.10395,1999
56,Mali,MLI,"Adjusted net enrollment rate, primary (% of primary school age children)",SE.PRM.TENR,44.04091,1999
62,Niger,NER,"Adjusted net enrollment rate, primary (% of primary school age children)",SE.PRM.TENR,26.1318,1999
68,Nigeria,NGA,"Adjusted net enrollment rate, primary (% of primary school age children)",SE.PRM.TENR,63.11272,1999
74,Senegal,SEN,"Adjusted net enrollment rate, primary (% of primary school age children)",SE.PRM.TENR,55.59791,1999
80,Sierra Leone,SLE,"Adjusted net enrollment rate, primary (% of primary school age children)",SE.PRM.TENR,..,1999
86,Togo,TGO,"Adjusted net enrollment rate, primary (% of primary school age children)",SE.PRM.TENR,88.63636,1999
2,Burkina Faso,BFA,"Adjusted net enrollment rate, primary (% of primary school age children)",SE.PRM.TENR,36.7463,2000
8,Benin,BEN,"Adjusted net enrollment rate, primary (% of primary school age children)",SE.PRM.TENR,..,2000
14,Cabo Verde,CPV,"Adjusted net enrollment rate, primary (% of primary school age children)",SE.PRM.TENR,99.56229,2000
20,Cote d'Ivoire,CIV,"Adjusted net enrollment rate, primary (% of primary school age children)",SE.PRM.TENR,56.50839,2000
26,"Gambia, The",GMB,"Adjusted net enrollment rate, primary (% of primary school age children)",SE.PRM.TENR,64.5223,2000
32,Ghana,GHA,"Adjusted net enrollment rate, primary (% of primary school age children)",SE.PRM.TENR,67.9238,2000
38,Guinea,GIN,"Adjusted net enrollment rate, primary (% of primary school age children)",SE.PRM.TENR,45.75882,2000
44,Guinea-Bissau,GNB,"Adjusted net enrollment rate, primary (% of primary school age children)",SE.PRM.TENR,49.18684,2000
50,Liberia,LBR,"Adjusted net enrollment rate, primary (% of primary school age children)",SE.PRM.TENR,..,2000
56,Mali,MLI,"Adjusted net enrollment rate, primary (% of primary school age children)",SE.PRM.TENR,..,2000
62,Niger,NER,"Adjusted net enrollment rate, primary (% of primary school age children)",SE.PRM.TENR,26.89543,2000
68,Nigeria,NGA,"Adjusted net enrollment rate, primary (% of primary school age children)",SE.PRM.TENR,66.17986,2000
74,Senegal,SEN,"Adjusted net enrollment rate, primary (% of primary school age children)",SE.PRM.TENR,58.84139,2000
80,Sierra Leone,SLE,"Adjusted net enrollment rate, primary (% of primary school age children)",SE.PRM.TENR,..,2000
86,Togo,TGO,"Adjusted net enrollment rate, primary (% of primary school age children)",SE.PRM.TENR,87.36033,2000
2,Burkina Faso,BFA,"Adjusted net enrollment rate, primary (% of primary school age children)",SE.PRM.TENR,37.77186,2001
8,Benin,BEN,"Adjusted net enrollment rate, primary (% of primary school age children)",SE.PRM.TENR,..,2001
14,Cabo Verde,CPV,"Adjusted net enrollment rate, primary (% of primary school age children)",SE.PRM.TENR,97.28274,2001
20,Cote d'Ivoire,CIV,"Adjusted net enrollment rate, primary (% of primary school age children)",SE.PRM.TENR,60.60849,2001
26,"Gambia, The",GMB,"Adjusted net enrollment rate, primary (% of primary school age children)",SE.PRM.TENR,64.28849,2001
32,Ghana,GHA,"Adjusted net enrollment rate, primary (% of primary school age children)",SE.PRM.TENR,62.47613,2001
38,Guinea,GIN,"Adjusted net enrollment rate, primary (% of primary school age children)",SE.PRM.TENR,48.92625,2001
44,Guinea-Bissau,GNB,"Adjusted net enrollment rate, primary (% of primary school age children)",SE.PRM.TENR,..,2001
50,Liberia,LBR,"Adjusted net enrollment rate, primary (% of primary school age children)",SE.PRM.TENR,..,2001
56,Mali,MLI,"Adjusted net enrollment rate, primary (% of primary school age children)",SE.PRM.TENR,..,2001
62,Niger,NER,"Adjusted net enrollment rate, primary (% of primary school age children)",SE.PRM.TENR,30.5249,2001
68,Nigeria,NGA,"Adjusted net enrollment rate, primary (% of primary school age children)",SE.PRM.TENR,..,2001
74,Senegal,SEN,"Adjusted net enrollment rate, primary (% of primary school age children)",SE.PRM.TENR,..,2001
80,Sierra Leone,SLE,"Adjusted net enrollment rate, primary (% of primary school age children)",SE.PRM.TENR,..,2001
86,Togo,TGO,"Adjusted net enrollment rate, primary (% of primary school age children)",SE.PRM.TENR,90.26984,2001
2,Burkina Faso,BFA,"Adjusted net enrollment rate, primary (% of primary school age children)",SE.PRM.TENR,36.72142,2002
8,Benin,BEN,"Adjusted net enrollment rate, primary (% of primary school age children)",SE.PRM.TENR,..,2002
14,Cabo Verde,CPV,"Adjusted net enrollment rate, primary (% of primary school age children)",SE.PRM.TENR,96.97873,2002
20,Cote d'Ivoire,CIV,"Adjusted net enrollment rate, primary (% of primary school age children)",SE.PRM.TENR,60.66286,2002
26,"Gambia, The",GMB,"Adjusted net enrollment rate, primary (% of primary school age children)",SE.PRM.TENR,62.1224,2002
32,Ghana,GHA,"Adjusted net enrollment rate, primary (% of primary school age children)",SE.PRM.TENR,66.49101,2002
38,Guinea,GIN,"Adjusted net enrollment rate, primary (% of primary school age children)",SE.PRM.TENR,55.94373,2002
44,Guinea-Bissau,GNB,"Adjusted net enrollment rate, primary (% of primary school age children)",SE.PRM.TENR,..,2002
50,Liberia,LBR,"Adjusted net enrollment rate, primary (% of primary school age children)",SE.PRM.TENR,..,2002
56,Mali,MLI,"Adjusted net enrollment rate, primary (% of primary school age children)",SE.PRM.TENR,51.62062,2002
62,Niger,NER,"Adjusted net enrollment rate, primary (% of primary school age children)",SE.PRM.TENR,34.11674,2002
68,Nigeria,NGA,"Adjusted net enrollment rate, primary (% of primary school age children)",SE.PRM.TENR,..,2002
74,Senegal,SEN,"Adjusted net enrollment rate, primary (% of primary school age children)",SE.PRM.TENR,..,2002
80,Sierra Leone,SLE,"Adjusted net enrollment rate, primary (% of primary school age children)",SE.PRM.TENR,..,2002
86,Togo,TGO,"Adjusted net enrollment rate, primary (% of primary school age children)",SE.PRM.TENR,91.00874,2002
2,Burkina Faso,BFA,"Adjusted net enrollment rate, primary (% of primary school age children)",SE.PRM.TENR,39.04855,2003
8,Benin,BEN,"Adjusted net enrollment rate, primary (% of primary school age children)",SE.PRM.TENR,84.60479,2003
14,Cabo Verde,CPV,"Adjusted net enrollment rate, primary (% of primary school age children)",SE.PRM.TENR,96.13641,2003
20,Cote d'Ivoire,CIV,"Adjusted net enrollment rate, primary (% of primary school age children)",SE.PRM.TENR,56.0829,2003
26,"Gambia, The",GMB,"Adjusted net enrollment rate, primary (% of primary school age children)",SE.PRM.TENR,65.33112,2003
32,Ghana,GHA,"Adjusted net enrollment rate, primary (% of primary school age children)",SE.PRM.TENR,65.83247,2003
38,Guinea,GIN,"Adjusted net enrollment rate, primary (% of primary school age children)",SE.PRM.TENR,59.10019,2003
44,Guinea-Bissau,GNB,"Adjusted net enrollment rate, primary (% of primary school age children)",SE.PRM.TENR,..,2003
50,Liberia,LBR,"Adjusted net enrollment rate, primary (% of primary school age children)",SE.PRM.TENR,..,2003
56,Mali,MLI,"Adjusted net enrollment rate, primary (% of primary school age children)",SE.PRM.TENR,51.59715,2003
62,Niger,NER,"Adjusted net enrollment rate, primary (% of primary school age children)",SE.PRM.TENR,37.82524,2003
68,Nigeria,NGA,"Adjusted net enrollment rate, primary (% of primary school age children)",SE.PRM.TENR,..,2003
74,Senegal,SEN,"Adjusted net enrollment rate, primary (% of primary school age children)",SE.PRM.TENR,65.72499,2003
80,Sierra Leone,SLE,"Adjusted net enrollment rate, primary (% of primary school age children)",SE.PRM.TENR,..,2003
86,Togo,TGO,"Adjusted net enrollment rate, primary (% of primary school age children)",SE.PRM.TENR,91.12596,2003
2,Burkina Faso,BFA,"Adjusted net enrollment rate, primary (% of primary school age children)",SE.PRM.TENR,41.14892,2004
8,Benin,BEN,"Adjusted net enrollment rate, primary (% of primary school age children)",SE.PRM.TENR,87.73149,2004
14,Cabo Verde,CPV,"Adjusted net enrollment rate, primary (% of primary school age children)",SE.PRM.TENR,95.22005,2004
20,Cote d'Ivoire,CIV,"Adjusted net enrollment rate, primary (% of primary school age children)",SE.PRM.TENR,..,2004
26,"Gambia, The",GMB,"Adjusted net enrollment rate, primary (% of primary school age children)",SE.PRM.TENR,65.77435,2004
32,Ghana,GHA,"Adjusted net enrollment rate, primary (% of primary school age children)",SE.PRM.TENR,..,2004
38,Guinea,GIN,"Adjusted net enrollment rate, primary (% of primary school age children)",SE.PRM.TENR,61.84531,2004
44,Guinea-Bissau,GNB,"Adjusted net enrollment rate, primary (% of primary school age children)",SE.PRM.TENR,..,2004
50,Liberia,LBR,"Adjusted net enrollment rate, primary (% of primary school age children)",SE.PRM.TENR,..,2004
56,Mali,MLI,"Adjusted net enrollment rate, primary (% of primary school age children)",SE.PRM.TENR,51.60521,2004
62,Niger,NER,"Adjusted net enrollment rate, primary (% of primary school age children)",SE.PRM.TENR,41.31954,2004
68,Nigeria,NGA,"Adjusted net enrollment rate, primary (% of primary school age children)",SE.PRM.TENR,67.924,2004
74,Senegal,SEN,"Adjusted net enrollment rate, primary (% of primary school age children)",SE.PRM.TENR,63.68501,2004
80,Sierra Leone,SLE,"Adjusted net enrollment rate, primary (% of primary school age children)",SE.PRM.TENR,..,2004
86,Togo,TGO,"Adjusted net enrollment rate, primary (% of primary school age children)",SE.PRM.TENR,92.10259,2004
2,Burkina Faso,BFA,"Adjusted net enrollment rate, primary (% of primary school age children)",SE.PRM.TENR,45.97286,2005
8,Benin,BEN,"Adjusted net enrollment rate, primary (% of primary school age children)",SE.PRM.TENR,83.75604,2005
14,Cabo Verde,CPV,"Adjusted net enrollment rate, primary (% of primary school age children)",SE.PRM.TENR,96.12108,2005
20,Cote d'Ivoire,CIV,"Adjusted net enrollment rate, primary (% of primary school age children)",SE.PRM.TENR,..,2005
26,"Gambia, The",GMB,"Adjusted net enrollment rate, primary (% of primary school age children)",SE.PRM.TENR,63.87335,2005
32,Ghana,GHA,"Adjusted net enrollment rate, primary (% of primary school age children)",SE.PRM.TENR,70.60912,2005
38,Guinea,GIN,"Adjusted net enrollment rate, primary (% of primary school age children)",SE.PRM.TENR,63.59582,2005
44,Guinea-Bissau,GNB,"Adjusted net enrollment rate, primary (% of primary school age children)",SE.PRM.TENR,..,2005
50,Liberia,LBR,"Adjusted net enrollment rate, primary (% of primary school age children)",SE.PRM.TENR,..,2005
56,Mali,MLI,"Adjusted net enrollment rate, primary (% of primary school age children)",SE.PRM.TENR,56.65099,2005
62,Niger,NER,"Adjusted net enrollment rate, primary (% of primary school age children)",SE.PRM.TENR,41.3199,2005
68,Nigeria,NGA,"Adjusted net enrollment rate, primary (% of primary school age children)",SE.PRM.TENR,68.36617,2005
74,Senegal,SEN,"Adjusted net enrollment rate, primary (% of primary school age children)",SE.PRM.TENR,64.73382,2005
80,Sierra Leone,SLE,"Adjusted net enrollment rate, primary (% of primary school age children)",SE.PRM.TENR,..,2005
86,Togo,TGO,"Adjusted net enrollment rate, primary (% of primary school age children)",SE.PRM.TENR,92.44008,2005
2,Burkina Faso,BFA,"Adjusted net enrollment rate, primary (% of primary school age children)",SE.PRM.TENR,49.62343,2006
8,Benin,BEN,"Adjusted net enrollment rate, primary (% of primary school age children)",SE.PRM.TENR,86.81449,2006
14,Cabo Verde,CPV,"Adjusted net enrollment rate, primary (% of primary school age children)",SE.PRM.TENR,97.00636,2006
20,Cote d'Ivoire,CIV,"Adjusted net enrollment rate, primary (% of primary school age children)",SE.PRM.TENR,..,2006
26,"Gambia, The",GMB,"Adjusted net enrollment rate, primary (% of primary school age children)",SE.PRM.TENR,68.63829,2006
32,Ghana,GHA,"Adjusted net enrollment rate, primary (% of primary school age children)",SE.PRM.TENR,72.72937,2006
38,Guinea,GIN,"Adjusted net enrollment rate, primary (% of primary school age children)",SE.PRM.TENR,65.57848,2006
44,Guinea-Bissau,GNB,"Adjusted net enrollment rate, primary (% of primary school age children)",SE.PRM.TENR,..,2006
50,Liberia,LBR,"Adjusted net enrollment rate, primary (% of primary school age children)",SE.PRM.TENR,..,2006
56,Mali,MLI,"Adjusted net enrollment rate, primary (% of primary school age children)",SE.PRM.TENR,57.96729,2006
62,Niger,NER,"Adjusted net enrollment rate, primary (% of primary school age children)",SE.PRM.TENR,42.64247,2006
68,Nigeria,NGA,"Adjusted net enrollment rate, primary (% of primary school age children)",SE.PRM.TENR,68.82653,2006
74,Senegal,SEN,"Adjusted net enrollment rate, primary (% of primary school age children)",SE.PRM.TENR,67.71381,2006
80,Sierra Leone,SLE,"Adjusted net enrollment rate, primary (% of primary school age children)",SE.PRM.TENR,..,2006
86,Togo,TGO,"Adjusted net enrollment rate, primary (% of primary school age children)",SE.PRM.TENR,93.33284,2006
2,Burkina Faso,BFA,"Adjusted net enrollment rate, primary (% of primary school age children)",SE.PRM.TENR,54.95361,2007
8,Benin,BEN,"Adjusted net enrollment rate, primary (% of primary school age children)",SE.PRM.TENR,..,2007
14,Cabo Verde,CPV,"Adjusted net enrollment rate, primary (% of primary school age children)",SE.PRM.TENR,97.39093,2007
20,Cote d'Ivoire,CIV,"Adjusted net enrollment rate, primary (% of primary school age children)",SE.PRM.TENR,..,2007
26,"Gambia, The",GMB,"Adjusted net enrollment rate, primary (% of primary school age children)",SE.PRM.TENR,70.6714,2007
32,Ghana,GHA,"Adjusted net enrollment rate, primary (% of primary school age children)",SE.PRM.TENR,78.03132,2007
38,Guinea,GIN,"Adjusted net enrollment rate, primary (% of primary school age children)",SE.PRM.TENR,67.55235,2007
44,Guinea-Bissau,GNB,"Adjusted net enrollment rate, primary (% of primary school age children)",SE.PRM.TENR,..,2007
50,Liberia,LBR,"Adjusted net enrollment rate, primary (% of primary school age children)",SE.PRM.TENR,..,2007
56,Mali,MLI,"Adjusted net enrollment rate, primary (% of primary school age children)",SE.PRM.TENR,60.112,2007
62,Niger,NER,"Adjusted net enrollment rate, primary (% of primary school age children)",SE.PRM.TENR,43.81249,2007
68,Nigeria,NGA,"Adjusted net enrollment rate, primary (% of primary school age children)",SE.PRM.TENR,71.66882,2007
74,Senegal,SEN,"Adjusted net enrollment rate, primary (% of primary school age children)",SE.PRM.TENR,70.19788,2007
80,Sierra Leone,SLE,"Adjusted net enrollment rate, primary (% of primary school age children)",SE.PRM.TENR,..,2007
86,Togo,TGO,"Adjusted net enrollment rate, primary (% of primary school age children)",SE.PRM.TENR,90.31475,2007
2,Burkina Faso,BFA,"Adjusted net enrollment rate, primary (% of primary school age children)",SE.PRM.TENR,61.00304,2008
8,Benin,BEN,"Adjusted net enrollment rate, primary (% of primary school age children)",SE.PRM.TENR,90.1357,2008
14,Cabo Verde,CPV,"Adjusted net enrollment rate, primary (% of primary school age children)",SE.PRM.TENR,96.55235,2008
20,Cote d'Ivoire,CIV,"Adjusted net enrollment rate, primary (% of primary school age children)",SE.PRM.TENR,..,2008
26,"Gambia, The",GMB,"Adjusted net enrollment rate, primary (% of primary school age children)",SE.PRM.TENR,66.6445,2008
32,Ghana,GHA,"Adjusted net enrollment rate, primary (% of primary school age children)",SE.PRM.TENR,83.63321,2008
38,Guinea,GIN,"Adjusted net enrollment rate, primary (% of primary school age children)",SE.PRM.TENR,66.59745,2008
44,Guinea-Bissau,GNB,"Adjusted net enrollment rate, primary (% of primary school age children)",SE.PRM.TENR,..,2008
50,Liberia,LBR,"Adjusted net enrollment rate, primary (% of primary school age children)",SE.PRM.TENR,43.79097,2008
56,Mali,MLI,"Adjusted net enrollment rate, primary (% of primary school age children)",SE.PRM.TENR,..,2008
62,Niger,NER,"Adjusted net enrollment rate, primary (% of primary school age children)",SE.PRM.TENR,..,2008
68,Nigeria,NGA,"Adjusted net enrollment rate, primary (% of primary school age children)",SE.PRM.TENR,64.89473,2008
74,Senegal,SEN,"Adjusted net enrollment rate, primary (% of primary school age children)",SE.PRM.TENR,71.15573,2008
80,Sierra Leone,SLE,"Adjusted net enrollment rate, primary (% of primary school age children)",SE.PRM.TENR,..,2008
86,Togo,TGO,"Adjusted net enrollment rate, primary (% of primary school age children)",SE.PRM.TENR,91.31586,2008
2,Burkina Faso,BFA,"Adjusted net enrollment rate, primary (% of primary school age children)",SE.PRM.TENR,63.89452,2009
8,Benin,BEN,"Adjusted net enrollment rate, primary (% of primary school age children)",SE.PRM.TENR,94.2321,2009
14,Cabo Verde,CPV,"Adjusted net enrollment rate, primary (% of primary school age children)",SE.PRM.TENR,95.75413,2009
20,Cote d'Ivoire,CIV,"Adjusted net enrollment rate, primary (% of primary school age children)",SE.PRM.TENR,55.83834,2009
26,"Gambia, The",GMB,"Adjusted net enrollment rate, primary (% of primary school age children)",SE.PRM.TENR,..,2009
32,Ghana,GHA,"Adjusted net enrollment rate, primary (% of primary school age children)",SE.PRM.TENR,84.10467,2009
38,Guinea,GIN,"Adjusted net enrollment rate, primary (% of primary school age children)",SE.PRM.TENR,67.9527,2009
44,Guinea-Bissau,GNB,"Adjusted net enrollment rate, primary (% of primary school age children)",SE.PRM.TENR,..,2009
50,Liberia,LBR,"Adjusted net enrollment rate, primary (% of primary school age children)",SE.PRM.TENR,..,2009
56,Mali,MLI,"Adjusted net enrollment rate, primary (% of primary school age children)",SE.PRM.TENR,..,2009
62,Niger,NER,"Adjusted net enrollment rate, primary (% of primary school age children)",SE.PRM.TENR,..,2009
68,Nigeria,NGA,"Adjusted net enrollment rate, primary (% of primary school age children)",SE.PRM.TENR,65.9868,2009
74,Senegal,SEN,"Adjusted net enrollment rate, primary (% of primary school age children)",SE.PRM.TENR,70.99994,2009
80,Sierra Leone,SLE,"Adjusted net enrollment rate, primary (% of primary school age children)",SE.PRM.TENR,..,2009
86,Togo,TGO,"Adjusted net enrollment rate, primary (% of primary school age children)",SE.PRM.TENR,..,2009
2,Burkina Faso,BFA,"Adjusted net enrollment rate, primary (% of primary school age children)",SE.PRM.TENR,..,2010
8,Benin,BEN,"Adjusted net enrollment rate, primary (% of primary school age children)",SE.PRM.TENR,94.92278,2010
14,Cabo Verde,CPV,"Adjusted net enrollment rate, primary (% of primary school age children)",SE.PRM.TENR,94.75945,2010
20,Cote d'Ivoire,CIV,"Adjusted net enrollment rate, primary (% of primary school age children)",SE.PRM.TENR,..,2010
26,"Gambia, The",GMB,"Adjusted net enrollment rate, primary (% of primary school age children)",SE.PRM.TENR,67.89345,2010
32,Ghana,GHA,"Adjusted net enrollment rate, primary (% of primary school age children)",SE.PRM.TENR,..,2010
38,Guinea,GIN,"Adjusted net enrollment rate, primary (% of primary school age children)",SE.PRM.TENR,70.28759,2010
44,Guinea-Bissau,GNB,"Adjusted net enrollment rate, primary (% of primary school age children)",SE.PRM.TENR,72.66824,2010
50,Liberia,LBR,"Adjusted net enrollment rate, primary (% of primary school age children)",SE.PRM.TENR,..,2010
56,Mali,MLI,"Adjusted net enrollment rate, primary (% of primary school age children)",SE.PRM.TENR,68.27944,2010
62,Niger,NER,"Adjusted net enrollment rate, primary (% of primary school age children)",SE.PRM.TENR,55.14722,2010
68,Nigeria,NGA,"Adjusted net enrollment rate, primary (% of primary school age children)",SE.PRM.TENR,65.98292,2010
74,Senegal,SEN,"Adjusted net enrollment rate, primary (% of primary school age children)",SE.PRM.TENR,72.03371,2010
80,Sierra Leone,SLE,"Adjusted net enrollment rate, primary (% of primary school age children)",SE.PRM.TENR,..,2010
86,Togo,TGO,"Adjusted net enrollment rate, primary (% of primary school age children)",SE.PRM.TENR,..,2010
2,Burkina Faso,BFA,"Adjusted net enrollment rate, primary (% of primary school age children)",SE.PRM.TENR,64.89106,2011
8,Benin,BEN,"Adjusted net enrollment rate, primary (% of primary school age children)",SE.PRM.TENR,94.8091,2011
14,Cabo Verde,CPV,"Adjusted net enrollment rate, primary (% of primary school age children)",SE.PRM.TENR,93.46983,2011
20,Cote d'Ivoire,CIV,"Adjusted net enrollment rate, primary (% of primary school age children)",SE.PRM.TENR,..,2011
26,"Gambia, The",GMB,"Adjusted net enrollment rate, primary (% of primary school age children)",SE.PRM.TENR,67.30464,2011
32,Ghana,GHA,"Adjusted net enrollment rate, primary (% of primary school age children)",SE.PRM.TENR,92.02687,2011
38,Guinea,GIN,"Adjusted net enrollment rate, primary (% of primary school age children)",SE.PRM.TENR,74.37522,2011
44,Guinea-Bissau,GNB,"Adjusted net enrollment rate, primary (% of primary school age children)",SE.PRM.TENR,..,2011
50,Liberia,LBR,"Adjusted net enrollment rate, primary (% of primary school age children)",SE.PRM.TENR,..,2011
56,Mali,MLI,"Adjusted net enrollment rate, primary (% of primary school age children)",SE.PRM.TENR,69.26966,2011
62,Niger,NER,"Adjusted net enrollment rate, primary (% of primary school age children)",SE.PRM.TENR,59.88326,2011
68,Nigeria,NGA,"Adjusted net enrollment rate, primary (% of primary school age children)",SE.PRM.TENR,..,2011
74,Senegal,SEN,"Adjusted net enrollment rate, primary (% of primary school age children)",SE.PRM.TENR,72.72349,2011
80,Sierra Leone,SLE,"Adjusted net enrollment rate, primary (% of primary school age children)",SE.PRM.TENR,..,2011
86,Togo,TGO,"Adjusted net enrollment rate, primary (% of primary school age children)",SE.PRM.TENR,..,2011
2,Burkina Faso,BFA,"Adjusted net enrollment rate, primary (% of primary school age children)",SE.PRM.TENR,66.07414,2012
8,Benin,BEN,"Adjusted net enrollment rate, primary (% of primary school age children)",SE.PRM.TENR,95.50633,2012
14,Cabo Verde,CPV,"Adjusted net enrollment rate, primary (% of primary school age children)",SE.PRM.TENR,93.8087,2012
20,Cote d'Ivoire,CIV,"Adjusted net enrollment rate, primary (% of primary school age children)",SE.PRM.TENR,..,2012
26,"Gambia, The",GMB,"Adjusted net enrollment rate, primary (% of primary school age children)",SE.PRM.TENR,70.27827,2012
32,Ghana,GHA,"Adjusted net enrollment rate, primary (% of primary school age children)",SE.PRM.TENR,91.21756,2012
38,Guinea,GIN,"Adjusted net enrollment rate, primary (% of primary school age children)",SE.PRM.TENR,74.17666,2012
44,Guinea-Bissau,GNB,"Adjusted net enrollment rate, primary (% of primary school age children)",SE.PRM.TENR,..,2012
50,Liberia,LBR,"Adjusted net enrollment rate, primary (% of primary school age children)",SE.PRM.TENR,..,2012
56,Mali,MLI,"Adjusted net enrollment rate, primary (% of primary school age children)",SE.PRM.TENR,67.05216,2012
62,Niger,NER,"Adjusted net enrollment rate, primary (% of primary school age children)",SE.PRM.TENR,61.1721,2012
68,Nigeria,NGA,"Adjusted net enrollment rate, primary (% of primary school age children)",SE.PRM.TENR,..,2012
74,Senegal,SEN,"Adjusted net enrollment rate, primary (% of primary school age children)",SE.PRM.TENR,75.88096,2012
80,Sierra Leone,SLE,"Adjusted net enrollment rate, primary (% of primary school age children)",SE.PRM.TENR,95.90938,2012
86,Togo,TGO,"Adjusted net enrollment rate, primary (% of primary school age children)",SE.PRM.TENR,..,2012
2,Burkina Faso,BFA,"Adjusted net enrollment rate, primary (% of primary school age children)",SE.PRM.TENR,66.97207,2013
8,Benin,BEN,"Adjusted net enrollment rate, primary (% of primary school age children)",SE.PRM.TENR,..,2013
14,Cabo Verde,CPV,"Adjusted net enrollment rate, primary (% of primary school age children)",SE.PRM.TENR,93.21409,2013
20,Cote d'Ivoire,CIV,"Adjusted net enrollment rate, primary (% of primary school age children)",SE.PRM.TENR,68.27574,2013
26,"Gambia, The",GMB,"Adjusted net enrollment rate, primary (% of primary school age children)",SE.PRM.TENR,70.03975,2013
32,Ghana,GHA,"Adjusted net enrollment rate, primary (% of primary school age children)",SE.PRM.TENR,..,2013
38,Guinea,GIN,"Adjusted net enrollment rate, primary (% of primary school age children)",SE.PRM.TENR,75.47206,2013
44,Guinea-Bissau,GNB,"Adjusted net enrollment rate, primary (% of primary school age children)",SE.PRM.TENR,..,2013
50,Liberia,LBR,"Adjusted net enrollment rate, primary (% of primary school age children)",SE.PRM.TENR,..,2013
56,Mali,MLI,"Adjusted net enrollment rate, primary (% of primary school age children)",SE.PRM.TENR,62.60635,2013
62,Niger,NER,"Adjusted net enrollment rate, primary (% of primary school age children)",SE.PRM.TENR,60.83162,2013
68,Nigeria,NGA,"Adjusted net enrollment rate, primary (% of primary school age children)",SE.PRM.TENR,..,2013
74,Senegal,SEN,"Adjusted net enrollment rate, primary (% of primary school age children)",SE.PRM.TENR,74.79015,2013
80,Sierra Leone,SLE,"Adjusted net enrollment rate, primary (% of primary school age children)",SE.PRM.TENR,..,2013
86,Togo,TGO,"Adjusted net enrollment rate, primary (% of primary school age children)",SE.PRM.TENR,..,2013
2,Burkina Faso,BFA,"Adjusted net enrollment rate, primary (% of primary school age children)",SE.PRM.TENR,68.30377,2014
8,Benin,BEN,"Adjusted net enrollment rate, primary (% of primary school age children)",SE.PRM.TENR,96.36058,2014
14,Cabo Verde,CPV,"Adjusted net enrollment rate, primary (% of primary school age children)",SE.PRM.TENR,93.27274,2014
20,Cote d'Ivoire,CIV,"Adjusted net enrollment rate, primary (% of primary school age children)",SE.PRM.TENR,72.85662,2014
26,"Gambia, The",GMB,"Adjusted net enrollment rate, primary (% of primary school age children)",SE.PRM.TENR,69.82179,2014
32,Ghana,GHA,"Adjusted net enrollment rate, primary (% of primary school age children)",SE.PRM.TENR,..,2014
38,Guinea,GIN,"Adjusted net enrollment rate, primary (% of primary school age children)",SE.PRM.TENR,79.30492,2014
44,Guinea-Bissau,GNB,"Adjusted net enrollment rate, primary (% of primary school age children)",SE.PRM.TENR,..,2014
50,Liberia,LBR,"Adjusted net enrollment rate, primary (% of primary school age children)",SE.PRM.TENR,38.83457,2014
56,Mali,MLI,"Adjusted net enrollment rate, primary (% of primary school age children)",SE.PRM.TENR,63.47074,2014
62,Niger,NER,"Adjusted net enrollment rate, primary (% of primary school age children)",SE.PRM.TENR,60.86362,2014
68,Nigeria,NGA,"Adjusted net enrollment rate, primary (% of primary school age children)",SE.PRM.TENR,..,2014
74,Senegal,SEN,"Adjusted net enrollment rate, primary (% of primary school age children)",SE.PRM.TENR,75.526,2014
80,Sierra Leone,SLE,"Adjusted net enrollment rate, primary (% of primary school age children)",SE.PRM.TENR,..,2014
86,Togo,TGO,"Adjusted net enrollment rate, primary (% of primary school age children)",SE.PRM.TENR,92.15809,2014
2,Burkina Faso,BFA,"Adjusted net enrollment rate, primary (% of primary school age children)",SE.PRM.TENR,69.95995,2015
8,Benin,BEN,"Adjusted net enrollment rate, primary (% of primary school age children)",SE.PRM.TENR,..,2015
14,Cabo Verde,CPV,"Adjusted net enrollment rate, primary (% of primary school age children)",SE.PRM.TENR,93.38192,2015
20,Cote d'Ivoire,CIV,"Adjusted net enrollment rate, primary (% of primary school age children)",SE.PRM.TENR,76.73595,2015
26,"Gambia, The",GMB,"Adjusted net enrollment rate, primary (% of primary school age children)",SE.PRM.TENR,75.91325,2015
32,Ghana,GHA,"Adjusted net enrollment rate, primary (% of primary school age children)",SE.PRM.TENR,..,2015
38,Guinea,GIN,"Adjusted net enrollment rate, primary (% of primary school age children)",SE.PRM.TENR,..,2015
44,Guinea-Bissau,GNB,"Adjusted net enrollment rate, primary (% of primary school age children)",SE.PRM.TENR,..,2015
50,Liberia,LBR,"Adjusted net enrollment rate, primary (% of primary school age children)",SE.PRM.TENR,..,2015
56,Mali,MLI,"Adjusted net enrollment rate, primary (% of primary school age children)",SE.PRM.TENR,60.63998,2015
62,Niger,NER,"Adjusted net enrollment rate, primary (% of primary school age children)",SE.PRM.TENR,62.49335,2015
68,Nigeria,NGA,"Adjusted net enrollment rate, primary (% of primary school age children)",SE.PRM.TENR,..,2015
74,Senegal,SEN,"Adjusted net enrollment rate, primary (% of primary school age children)",SE.PRM.TENR,75.44459,2015
80,Sierra Leone,SLE,"Adjusted net enrollment rate, primary (% of primary school age children)",SE.PRM.TENR,97.7963,2015
86,Togo,TGO,"Adjusted net enrollment rate, primary (% of primary school age children)",SE.PRM.TENR,94.05241,2015
2,Burkina Faso,BFA,"Adjusted net enrollment rate, primary (% of primary school age children)",SE.PRM.TENR,75.85293,2016
8,Benin,BEN,"Adjusted net enrollment rate, primary (% of primary school age children)",SE.PRM.TENR,..,2016
14,Cabo Verde,CPV,"Adjusted net enrollment rate, primary (% of primary school age children)",SE.PRM.TENR,92.86026,2016
20,Cote d'Ivoire,CIV,"Adjusted net enrollment rate, primary (% of primary school age children)",SE.PRM.TENR,86.90249,2016
26,"Gambia, The",GMB,"Adjusted net enrollment rate, primary (% of primary school age children)",SE.PRM.TENR,77.65176,2016
32,Ghana,GHA,"Adjusted net enrollment rate, primary (% of primary school age children)",SE.PRM.TENR,..,2016
38,Guinea,GIN,"Adjusted net enrollment rate, primary (% of primary school age children)",SE.PRM.TENR,78.08732,2016
44,Guinea-Bissau,GNB,"Adjusted net enrollment rate, primary (% of primary school age children)",SE.PRM.TENR,..,2016
50,Liberia,LBR,"Adjusted net enrollment rate, primary (% of primary school age children)",SE.PRM.TENR,..,2016
56,Mali,MLI,"Adjusted net enrollment rate, primary (% of primary school age children)",SE.PRM.TENR,62.13872,2016
62,Niger,NER,"Adjusted net enrollment rate, primary (% of primary school age children)",SE.PRM.TENR,63.57047,2016
68,Nigeria,NGA,"Adjusted net enrollment rate, primary (% of primary school age children)",SE.PRM.TENR,..,2016
74,Senegal,SEN,"Adjusted net enrollment rate, primary (% of primary school age children)",SE.PRM.TENR,73.53294,2016
80,Sierra Leone,SLE,"Adjusted net enrollment rate, primary (% of primary school age children)",SE.PRM.TENR,98.96839,2016
86,Togo,TGO,"Adjusted net enrollment rate, primary (% of primary school age children)",SE.PRM.TENR,..,2016
2,Burkina Faso,BFA,"Adjusted net enrollment rate, primary (% of primary school age children)",SE.PRM.TENR,77.00507,2017
8,Benin,BEN,"Adjusted net enrollment rate, primary (% of primary school age children)",SE.PRM.TENR,97.03352,2017
14,Cabo Verde,CPV,"Adjusted net enrollment rate, primary (% of primary school age children)",SE.PRM.TENR,92.98582,2017
20,Cote d'Ivoire,CIV,"Adjusted net enrollment rate, primary (% of primary school age children)",SE.PRM.TENR,88.60837,2017
26,"Gambia, The",GMB,"Adjusted net enrollment rate, primary (% of primary school age children)",SE.PRM.TENR,80.15436,2017
32,Ghana,GHA,"Adjusted net enrollment rate, primary (% of primary school age children)",SE.PRM.TENR,85.74174,2017
38,Guinea,GIN,"Adjusted net enrollment rate, primary (% of primary school age children)",SE.PRM.TENR,..,2017
44,Guinea-Bissau,GNB,"Adjusted net enrollment rate, primary (% of primary school age children)",SE.PRM.TENR,..,2017
50,Liberia,LBR,"Adjusted net enrollment rate, primary (% of primary school age children)",SE.PRM.TENR,44.56983,2017
56,Mali,MLI,"Adjusted net enrollment rate, primary (% of primary school age children)",SE.PRM.TENR,67.335,2017
62,Niger,NER,"Adjusted net enrollment rate, primary (% of primary school age children)",SE.PRM.TENR,66.48804,2017
68,Nigeria,NGA,"Adjusted net enrollment rate, primary (% of primary school age children)",SE.PRM.TENR,..,2017
74,Senegal,SEN,"Adjusted net enrollment rate, primary (% of primary school age children)",SE.PRM.TENR,76.46058,2017
80,Sierra Leone,SLE,"Adjusted net enrollment rate, primary (% of primary school age children)",SE.PRM.TENR,..,2017
86,Togo,TGO,"Adjusted net enrollment rate, primary (% of primary school age children)",SE.PRM.TENR,92.61436,2017
2,Burkina Faso,BFA,"Adjusted net enrollment rate, primary (% of primary school age children)",SE.PRM.TENR,79.34168,2018
8,Benin,BEN,"Adjusted net enrollment rate, primary (% of primary school age children)",SE.PRM.TENR,97.21103,2018
14,Cabo Verde,CPV,"Adjusted net enrollment rate, primary (% of primary school age children)",SE.PRM.TENR,93.52897,2018
20,Cote d'Ivoire,CIV,"Adjusted net enrollment rate, primary (% of primary school age children)",SE.PRM.TENR,93.69235,2018
26,"Gambia, The",GMB,"Adjusted net enrollment rate, primary (% of primary school age children)",SE.PRM.TENR,81.80852,2018
32,Ghana,GHA,"Adjusted net enrollment rate, primary (% of primary school age children)",SE.PRM.TENR,85.00771,2018
38,Guinea,GIN,"Adjusted net enrollment rate, primary (% of primary school age children)",SE.PRM.TENR,..,2018
44,Guinea-Bissau,GNB,"Adjusted net enrollment rate, primary (% of primary school age children)",SE.PRM.TENR,..,2018
50,Liberia,LBR,"Adjusted net enrollment rate, primary (% of primary school age children)",SE.PRM.TENR,..,2018
56,Mali,MLI,"Adjusted net enrollment rate, primary (% of primary school age children)",SE.PRM.TENR,58.94142,2018
62,Niger,NER,"Adjusted net enrollment rate, primary (% of primary school age children)",SE.PRM.TENR,..,2018
68,Nigeria,NGA,"Adjusted net enrollment rate, primary (% of primary school age children)",SE.PRM.TENR,..,2018
74,Senegal,SEN,"Adjusted net enrollment rate, primary (% of primary school age children)",SE.PRM.TENR,..,2018
80,Sierra Leone,SLE,"Adjusted net enrollment rate, primary (% of primary school age children)",SE.PRM.TENR,..,2018
86,Togo,TGO,"Adjusted net enrollment rate, primary (% of primary school age children)",SE.PRM.TENR,94.692,2018
2,Burkina Faso,BFA,"Adjusted net enrollment rate, primary (% of primary school age children)",SE.PRM.TENR,..,2019
8,Benin,BEN,"Adjusted net enrollment rate, primary (% of primary school age children)",SE.PRM.TENR,..,2019
14,Cabo Verde,CPV,"Adjusted net enrollment rate, primary (% of primary school age children)",SE.PRM.TENR,..,2019
20,Cote d'Ivoire,CIV,"Adjusted net enrollment rate, primary (% of primary school age children)",SE.PRM.TENR,..,2019
26,"Gambia, The",GMB,"Adjusted net enrollment rate, primary (% of primary school age children)",SE.PRM.TENR,..,2019
32,Ghana,GHA,"Adjusted net enrollment rate, primary (% of primary school age children)",SE.PRM.TENR,86.69982,2019
38,Guinea,GIN,"Adjusted net enrollment rate, primary (% of primary school age children)",SE.PRM.TENR,..,2019
44,Guinea-Bissau,GNB,"Adjusted net enrollment rate, primary (% of primary school age children)",SE.PRM.TENR,..,2019
50,Liberia,LBR,"Adjusted net enrollment rate, primary (% of primary school age children)",SE.PRM.TENR,..,2019
56,Mali,MLI,"Adjusted net enrollment rate, primary (% of primary school age children)",SE.PRM.TENR,..,2019
62,Niger,NER,"Adjusted net enrollment rate, primary (% of primary school age children)",SE.PRM.TENR,..,2019
68,Nigeria,NGA,"Adjusted net enrollment rate, primary (% of primary school age children)",SE.PRM.TENR,..,2019
74,Senegal,SEN,"Adjusted net enrollment rate, primary (% of primary school age children)",SE.PRM.TENR,..,2019
80,Sierra Leone,SLE,"Adjusted net enrollment rate, primary (% of primary school age children)",SE.PRM.TENR,..,2019
86,Togo,TGO,"Adjusted net enrollment rate, primary (% of primary school age children)",SE.PRM.TENR,..,2019
2,Burkina Faso,BFA,"Adjusted net enrollment rate, primary (% of primary school age children)",SE.PRM.TENR,..,2020
8,Benin,BEN,"Adjusted net enrollment rate, primary (% of primary school age children)",SE.PRM.TENR,..,2020
14,Cabo Verde,CPV,"Adjusted net enrollment rate, primary (% of primary school age children)",SE.PRM.TENR,..,2020
20,Cote d'Ivoire,CIV,"Adjusted net enrollment rate, primary (% of primary school age children)",SE.PRM.TENR,..,2020
26,"Gambia, The",GMB,"Adjusted net enrollment rate, primary (% of primary school age children)",SE.PRM.TENR,..,2020
32,Ghana,GHA,"Adjusted net enrollment rate, primary (% of primary school age children)",SE.PRM.TENR,..,2020
38,Guinea,GIN,"Adjusted net enrollment rate, primary (% of primary school age children)",SE.PRM.TENR,..,2020
44,Guinea-Bissau,GNB,"Adjusted net enrollment rate, primary (% of primary school age children)",SE.PRM.TENR,..,2020
50,Liberia,LBR,"Adjusted net enrollment rate, primary (% of primary school age children)",SE.PRM.TENR,..,2020
56,Mali,MLI,"Adjusted net enrollment rate, primary (% of primary school age children)",SE.PRM.TENR,..,2020
62,Niger,NER,"Adjusted net enrollment rate, primary (% of primary school age children)",SE.PRM.TENR,..,2020
68,Nigeria,NGA,"Adjusted net enrollment rate, primary (% of primary school age children)",SE.PRM.TENR,..,2020
74,Senegal,SEN,"Adjusted net enrollment rate, primary (% of primary school age children)",SE.PRM.TENR,..,2020
80,Sierra Leone,SLE,"Adjusted net enrollment rate, primary (% of primary school age children)",SE.PRM.TENR,..,2020
86,Togo,TGO,"Adjusted net enrollment rate, primary (% of primary school age children)",SE.PRM.TENR,..,2020
